dataset_id,split,new_split_role,relative_path,sha256,dhash64_foreground_crop,phash64_foreground_crop
v4_legacy_0001,train,legacy_v3_development,images\train\v4_legacy_0001.png,cd298747dbc3bc2b7fec54fe19acdcc78f2f10f9d40260495c9bff95e12b40b0,80406030011e64c0,bf8f8560c39c604f
v4_legacy_0002,train,legacy_v3_development,images\train\v4_legacy_0002.png,413b7633538a2fa38e25c1d08688e3fc9a6fd55e866a50685ce416095d949d3a,1018080c3f40c080,b3f3811c7c82cf38
v4_legacy_0003,train,legacy_v3_development,images\train\v4_legacy_0003.png,1d42906b23587e2a4970fd1618ae9c2d6aa35643b53634920e95d951e197ee3b,6030090503020301,ca9695ad8a4a95d3
v4_legacy_0004,train,legacy_v3_development,images\train\v4_legacy_0004.png,1bd31b4ada52d4b334f354886ac6b5e105a1d727f8b832256509f60b3316339a,4030180907040606,ec9b9daccb429321
v4_legacy_0005,train,legacy_v3_development,images\train\v4_legacy_0005.png,71c63b61d5aa42941c938fbb95def36f36846d4a93d414262ca65e74c1aae99e,10191e306040c080,bb78c08f9c90b527
v4_legacy_0006,train,legacy_v3_development,images\train\v4_legacy_0006.png,f277643f471604c91f41f0af1724b180b51a88704f1d6913479d175c54b62eea,80c060300d110c08,f38d8660b19c4ea7
v4_legacy_0007,train,legacy_v3_development,images\train\v4_legacy_0007.png,268fc1b41616b584cc8ef7fc67d601cbc6cd3833c54f73552ea908784bb63b40,20232c3020206060,be60c0de9393b0b6
v4_legacy_0008,train,legacy_v3_development,images\train\v4_legacy_0008.png,5a54abf009ed32e8137b03f9a5a74b20cb92a83e4fca87dfe2168e89c36eb033,361b0d310b030101,ea3494a92d4ac6f6
v4_legacy_0009,train,legacy_v3_development,images\train\v4_legacy_0009.png,db1a3a69df644bfb66f639735baa0f9ac6b28ac8069bb1e9cc975c51ed0db253,e01b0e0a060c0404,e699989ccc6693e4
v4_legacy_0010,train,legacy_v3_development,images\train\v4_legacy_0010.png,2eafd26a1965112cfff56eae4ac7fe5d7f783af3a374e962477b5aa2d81a1536,10302030300c0700,b89dc333184ef358
v4_legacy_0011,train,legacy_v3_development,images\train\v4_legacy_0011.png,6bb638ce42aba73ddb3d76d69c6c7e35c69fbef3bb411efa4ea2605a667a89b6,4030190b66140604,ec5a94a4e7639338
v4_legacy_0012,train,legacy_v3_development,images\train\v4_legacy_0012.png,a5e86512ae96870ad7218eee521db094148d5e34bd2d76e5c829558ca795cbdf,0103023264850606,eddbd20696a58525
v4_legacy_0013,train,legacy_v3_development,images\train\v4_legacy_0013.png,200a2cb77cb559bfb18a7b5a82ddf305be5241abc2e3420eecb7976b0c86a144,0103728a05070404,ed9b96d29625194c
v4_legacy_0014,train,legacy_v3_development,images\train\v4_legacy_0014.png,84b90d889f08f8974c51a5b1a399d0cac637bc960ab7a898b53a15528b478227,c0701c0c0c0b0818,b31c8dc6c66378b8
v4_legacy_0015,train,legacy_v3_development,images\train\v4_legacy_0015.png,f0e7ebc3049e7933e4d2c390f12f80171732afaf139b0b22034e888b3b27c89d,402011130c280808,f34c96b7a5694852
v4_legacy_0016,train,legacy_v3_development,images\train\v4_legacy_0016.png,adb72723d04371f2a7f0a952250d46b2c1cc39ee1cffcc365ebce05a2b913f71,2021272c30202020,bc61c799b1266768
v4_legacy_0017,train,legacy_v3_development,images\train\v4_legacy_0017.png,159e3126dbc120e8418f504113efe9c39222b8645f87e551d5bccbf89d9a797a,404040435c404040,8fe0c83e70c7d833
v4_legacy_0018,train,legacy_v3_development,images\train\v4_legacy_0018.png,bcb4ddafa929a6d87bf017596de51d7f857b0a5a93247d66d484e70b99e4f4b2,61310b0205040404,ea1b968685a5e363
v4_legacy_0019,train,legacy_v3_development,images\train\v4_legacy_0019.png,98e9a0836849dfdc8365fd399a1b7babe1f622c48c274d338dd4db32cffc3570,0103043060202020,bc63c31a92b0b6a7
v4_legacy_0020,train,legacy_v3_development,images\train\v4_legacy_0020.png,64e3b681205672b507fedf8e1c15f5dde246d9a3ee1fd880d2ad840c2941fcc2,456c301050101818,bb0ec7e1c0f098b9
v4_legacy_0021,train,legacy_v3_development,images\train\v4_legacy_0021.png,26114b17203f89a6786be07b60dbbaafac4a20e1880bc9a1293ef38ba1788c99,0e0f1f1c18180c18,bb60c69791908f1f
v4_legacy_0022,train,legacy_v3_development,images\train\v4_legacy_0022.png,65025e01c20c9277db2578e62abfb1646d19231d9b6be1764998a64ee15fe9f1,300d03030303071c,ebd894a590cdc966
v4_legacy_0023,train,legacy_v3_development,images\train\v4_legacy_0023.png,fc1d6ae9d4992ba367a4200668a9e0baca2abc48313cc485f32d4a3cb5ff6e4e,0f1c303070303030,be70e007c7cecc8c
v4_legacy_0024,train,legacy_v3_development,images\train\v4_legacy_0024.png,60445db5d787010205a21dd1fa8d8dbcf80db72dc09c6c73343f3676d3aebf28,03030303060c1860,e9499b3284b9b396
v4_legacy_0025,train,legacy_v3_development,images\train\v4_legacy_0025.png,4ddccaf2b9457280c61aaca89975cd86f0515627315b40af2a7cd7a5d23c73f8,701c1c070103070e,ae3b95c9c0e4f270
v4_legacy_0026,train,legacy_v3_development,images\train\v4_legacy_0026.png,13fb3443657ff4a530385c4e988baf458398f66594408420e0cece0e5d223b68,c0607030381c0701,be9fc3319864b04e
v4_legacy_0027,train,legacy_v3_development,images\train\v4_legacy_0027.png,10552d51b12497bdcfa58fa5668c1f41a0c9ffc01049f2c69ad516a550574323,78781818180e0701,b91f4ee6c04c96c9
v4_legacy_0028,train,legacy_v3_development,images\train\v4_legacy_0028.png,38fb45abc2a65c0acbd4efb26da98d9acf39a13b87964c8cb88968c336432ae5,3c1e0f0606050303,ec311b9e874bc169
v4_legacy_0029,train,legacy_v3_development,images\train\v4_legacy_0029.png,ab75e9fe032cb60067785ae0819a28a899cdf15c6400d1d3131738562c0e0617,0101030608306060,ca4a1eb0b7aca92b
v4_legacy_0030,train,legacy_v3_development,images\train\v4_legacy_0030.png,a0914696f28c81e70b20d30dc5f1ea940159fc365dd6aa312e07d97f54031dfd,607c1e0c0c060303,af3789ccc2c9a466
v4_legacy_0031,train,legacy_v3_development,images\train\v4_legacy_0031.png,732c6a10bab558b4305c5e91adb92583876f78d168904a6876aa4efbdb8835fd,80c04060324a0301,af95c0309c6737d8
v4_legacy_0032,train,legacy_v3_development,images\train\v4_legacy_0032.png,e62db052b16f4b2bd589c3873b6b3ce26af479c2c33df73a44ea5d6b8c5df015,06190e08103060c0,f363ce98918ea427
v4_legacy_0033,train,legacy_v3_development,images\train\v4_legacy_0033.png,14d28a5a0b6be57538f3397921a4c4a0fd66b7c175f121a3efe8c05ca14c6499,8040201306181020,fb4e91a36c58d2a4
v4_legacy_0034,train,legacy_v3_development,images\train\v4_legacy_0034.png,00f44c7e54d7f30c76c3ee1c6ed45b175d826fdb3fcc8cd5f72e9d1166dfc7e9,0100010b06241810,ea4a92a56d6b5a94
v4_legacy_0035,train,legacy_v3_development,images\train\v4_legacy_0035.png,90bf9452e68ba5fa8c17a1a6c79507f5a699355730cdba346e5dd443bfc07507,180f316040c08080,e37ae0b79598d848
v4_legacy_0036,train,legacy_v3_development,images\train\v4_legacy_0036.png,3b4485dbdecfd0909f1dc6903e6cdeca5eb88246d9ae5782f3a4d49fb2065414,8080410d182040c0,b3608d9c7067ce99
v4_legacy_0037,train,legacy_v3_development,images\train\v4_legacy_0037.png,6b8ab41c182608f1926d4c7da4cf5579c92af97b552c6e6ca0d43ecf54c971e5,3407181020604080,be70619e98919fc2
v4_legacy_0038,train,legacy_v3_development,images\train\v4_legacy_0038.png,121d853fc3e723fbec85acacf37c224594c61bbc94e00311ee2ce88fb2629282,10080d302040c080,fa72819d9c61664e
v4_legacy_0039,train,legacy_v3_development,images\train\v4_legacy_0039.png,89b98c91878e4c83f419241b6c29d205dbb24d200dd1351a03f1139d43a18aea,60a0101806332040,bc989e6ca79b6124
v4_legacy_0040,train,legacy_v3_development,images\train\v4_legacy_0040.png,622c97ec5666e7302c21e70d03f8930f2c7ba52316229fb4d35e596c74ba3adc,760d392020303020,bc63610f8f9cc391
v4_legacy_0041,train,legacy_v3_development,images\train\v4_legacy_0041.png,ba82a8eee13648ecd8746102552903197bef04c1982307b8bfc62b2ea2b018fd,40380919103060c0,bb728f9c81476a61
v4_legacy_0042,train,legacy_v3_development,images\train\v4_legacy_0042.png,25fcd7fdaed062d555e4745fbe80261c7df1b76779d67d05ce9edcd3d5f8fdbe,141c2341c0808080,f373b184ceca4ca4
v4_legacy_0043,train,legacy_v3_development,images\train\v4_legacy_0043.png,3c54971852c2daf6955041ccb82618bc77dadb0a16b90710ff2aa819a44c0739,080e0e226340c080,af7090dbcd247632
v4_legacy_0044,train,legacy_v3_development,images\train\v4_legacy_0044.png,096ce8ee0a77f262104daebd09e6bdceafa543ffe01b4610f2585d7f2eca07dc,804020100a3140c0,9fb48762b19868a7
v4_legacy_0045,train,legacy_v3_development,images\train\v4_legacy_0045.png,d0b9f305d6a415b9e7595101318da1f8a5f3ee0dab6ae2f7c5a490507faa97dc,6411102040408080,fa7a6a8f8e8485a1
v4_legacy_0046,train,legacy_v3_development,images\train\v4_legacy_0046.png,5bec19b2b953aca684bb9e78e950bf0e3a316ce26d2ea82598570909c855a5b6,20190e3060408080,ba78c08f9c94a5a7
v4_legacy_0047,train,legacy_v3_development,images\train\v4_legacy_0047.png,2a2d6c813255353c0d2931fdb2c1c478e608add2eb1f940001416ecfa4d907d7,0c3375c404040408,be3b31e0c187869e
v4_legacy_0048,train,legacy_v3_development,images\train\v4_legacy_0048.png,bdaa8b237d6d1198f3e1cb86bf42410d2fe2397c9058631bfd780fd9b8b50778,40300c06070c0808,a69c9306cde2c673
v4_legacy_0049,train,legacy_v3_development,images\train\v4_legacy_0049.png,862f5005c342352551e6d009054570f333b05bca02e9530a234d361b810a1e45,2010593b1b3a3060,ba4384f46b1e93b1
v4_legacy_0050,train,legacy_v3_development,images\train\v4_legacy_0050.png,82ae8543e3b97c8487066feeb548534cae3ffe7dcc6594b5163859c1f782fb30,4028180d0b040404,e69b9dcc4326a169
v4_legacy_0051,train,legacy_v3_development,images\train\v4_legacy_0051.png,8ae7ffe8cdb007e925887499cbdafeddffabb77a26c3fa5384869b84c9ad342c,701f19204040c080,bb381d8f9c84c3c3
v4_legacy_0052,train,legacy_v3_development,images\train\v4_legacy_0052.png,8481267d045b208f9de0ac8b63feb9350516463bcd6e6098a3d85c113ec2e58f,140c16316140c080,be60a197da893974
v4_legacy_0053,train,legacy_v3_development,images\train\v4_legacy_0053.png,ffb8b32caef52c83ce9637b8d8579a17b51835ddfeb064f217655c6f4df77e61,0187502070100808,b948c35aded21993
v4_legacy_0054,train,legacy_v3_development,images\train\v4_legacy_0054.png,0df8e399138480784504829ab7d500921a090816750aaf47feac8ba680e8e394,c06020b0d82e0304,bc87c723d0683ec3
v4_legacy_0055,train,legacy_v3_development,images\train\v4_legacy_0055.png,a6212ffd2de49a3b206ddc8237dd5fcbf05113243dfe3a46d80ab9768dd80877,84310e3060404040,be3e438784e1e1e1
v4_legacy_0056,train,legacy_v3_development,images\train\v4_legacy_0056.png,aa731c9371a095dde9c19df607b037009b4a4374100a6f41127ff4029e757dbc,203010180f3962c0,bac08d7ec3877843
v4_legacy_0057,train,legacy_v3_development,images\train\v4_legacy_0057.png,da77fade7a8f520816c94a7e37d796b3cbfdc885472749e5a72f105e19f74382,3060c0601b1e1810,bb0ed0703c9fe0f0
v4_legacy_0058,train,legacy_v3_development,images\train\v4_legacy_0058.png,a986a6eefc62b506a3431d536713282235df334359997ad2f7837677c25a6b17,300c060303070c08,e619b60cdb468d27
v4_legacy_0059,train,legacy_v3_development,images\train\v4_legacy_0059.png,823240710a2450a3ff99dda630c885e227d34096550c665f20219601ad198789,4060203013061c10,bf1e87635890a4e9
v4_legacy_0060,train,legacy_v3_development,images\train\v4_legacy_0060.png,ff40fc4941734c3a805110b3c35c155b32d85b80666db9acfb716e0c6043a3e2,040501306040c080,ee60c19f9cb1634a
v4_legacy_0061,train,legacy_v3_development,images\train\v4_legacy_0061.png,7b92ed107c02da9bb9cd5d977ed4dfba8d94bca631e56047f219122c5dc4c076,8040201a03081020,ea8f956360b19c4e
v4_legacy_0062,train,legacy_v3_development,images\train\v4_legacy_0062.png,4ca45d75a4b779b1ca1eacbfcf5ab625a1fbe6a215b0a45595f6d842ac95fbc9,80380f0810101010,bb3e9c85c7e26070
v4_legacy_0063,train,legacy_v3_development,images\train\v4_legacy_0063.png,8e6b5ff955aa87a28908da094e9597d3e2c13cda6032eb10a3184c592cfb9b9d,c0601c0f112040c0,bb308d9e6363b498
v4_legacy_0064,train,legacy_v3_development,images\train\v4_legacy_0064.png,9c7a9c7a90593d19ebb567177efd2e51e8afabaa0f52a8ca3b7ffe86abf749d5,140d09306040c080,a370e19d9c98cb4e
v4_legacy_0065,train,legacy_v3_development,images\train\v4_legacy_0065.png,3cb940d4df6a495129fa70d2b315ad0864ed66eb4a0dc6bff8ef0575542cf5d7,0000030618101818,f34ed2b1a4a5c81b
v4_legacy_0066,train,legacy_v3_development,images\train\v4_legacy_0066.png,1a35a8bde7434701c956d82e23433e6a0e65856425c58da950b89948d1d6adae,406030110d3460c0,b89c8763639db862
v4_legacy_0067,train,legacy_v3_development,images\train\v4_legacy_0067.png,aa80420985332b611a69fcf5cdd0ac87d77b352fa61b3b48dea97d2c1744d18e,601806010103060c,ea11a59bd24d8d66
v4_legacy_0068,train,legacy_v3_development,images\train\v4_legacy_0068.png,b0051219641ab9a6e7f6f56ef4026d768a4a34befca3a15f038ef233ccb63bda,180b102040408080,eb6b638794949495
v4_legacy_0069,train,legacy_v3_development,images\train\v4_legacy_0069.png,06d577109c1eadf15db1baa0a2d012bb5d9487f4f4d993a2c998380fbfa4d274,80c04020180b1120,ba87c063bc5a6791
v4_legacy_0070,train,legacy_v3_development,images\train\v4_legacy_0070.png,4a3d67f0c4708ab2b9bc19220ca7f782ae24a3398c9d1e6f4ff4853ef7704c00,60301b11206040c0,9f78878fc04363b1
v4_legacy_0071,train,legacy_v3_development,images\train\v4_legacy_0071.png,1dfc321922817fd6418f5f85596f86ccc0bfec9c7688f33cd07404d1553d1234,14141111373e3820,bbc08537684af3a6
v4_legacy_0072,train,legacy_v3_development,images\train\v4_legacy_0072.png,6dc9f6b2102551c10fe129b8029b1dbe161a6db6a190ba0c31e46afd9db95aa1,341119206040c080,bb78608f9c9495c3
v4_legacy_0073,train,legacy_v3_development,images\train\v4_legacy_0073.png,5fd595d2d56129075291cf2db9d07984a69ce0705d6449e227cd99cd36e29636,082c07316040c080,b770819fd84967a4
v4_legacy_0074,train,legacy_v3_development,images\train\v4_legacy_0074.png,a7603554a5599d7c553a2069df6f47d714cf978bdca1e43cbdd309c5770de507,04190f18103060c0,b961c79c9187a666
v4_legacy_0075,train,legacy_v3_development,images\train\v4_legacy_0075.png,25974c9e2ce484fdc3a4512a485a65330bd175714260866d59a1fe21c01beb7d,8040603a050d0818,ee9d856270b0cc6e
v4_legacy_0076,train,legacy_v3_development,images\train\v4_legacy_0076.png,8fc10179ef0be67fc30162c7e5f66995b121aaf10a419ea10b8bb6212ca1af99,806031131c302060,bc1f86e16178589e
v4_legacy_0077,train,legacy_v3_development,images\train\v4_legacy_0077.png,ab9b1fb4ccd1082280fbcdbe994aa0272c94c04c8bab5051bd79c743447109a5,80804040201c1104,fa8740708e7ba59c
v4_legacy_0078,train,legacy_v3_development,images\train\v4_legacy_0078.png,32ade3be2c7cbc41650fbf192fa9c9fb9553d2288ffdb0614137bbbbb4010369,60301e070d181020,ba3c9d874663a1b1
v4_legacy_0079,train,legacy_v3_development,images\train\v4_legacy_0079.png,4d5e67a31de1fede4454d5309033ddeecb6f2cb2a996a4517abcf7aee692e7e4,3010180c053a62c0,baf09d7c4287b063
v4_legacy_0080,train,legacy_v3_development,images\train\v4_legacy_0080.png,473457ff34edfed80f99b0a0ab5317ec10d6ae8ddb7e6fd81d035f10e210d2a8,2030180b3860c080,fa70859d60635f91
v4_legacy_0081,train,legacy_v3_development,images\train\v4_legacy_0081.png,08b556c1355099de3da203603bd5a84f0ff0b158995f488f66a8841d43a32aa6,8080c3c64c381030,b9c2d03fa7e83903
v4_legacy_0082,train,legacy_v3_development,images\train\v4_legacy_0082.png,b89107b7871b442dde1ebf04223bc99035591d97913df5792941c73d9fb9e8cd,84446c290f0c0c0c,a6998463d9329e67
v4_legacy_0083,train,legacy_v3_development,images\train\v4_legacy_0083.png,75e1b892f2f193ee886bef412e28050ba9fb24cbec2b60123accdbf105017f7f,406020100b3a60c0,bac48773639cb063
v4_legacy_0084,train,legacy_v3_development,images\train\v4_legacy_0084.png,3479e5b8764c68753fc2c187c29d9b01e7f1ddced6352044d73885bd2d363ac6,70381c8c0d010504,ba3d9ccce6d24906
v4_legacy_0085,train,legacy_v3_development,images\train\v4_legacy_0085.png,6e34f371006d48be4bd9a97240a8f40c9bbe760b8b2651d9eb693cdf2f22615a,20382c43c1818080,8e3ebcc0cf273612
v4_legacy_0086,train,legacy_v3_development,images\train\v4_legacy_0086.png,248b4b38879c0bb597f25ec0383f8fb2ebea0ef96a88177635167a35d03f90cb,18082f1d10101c0c,b147c798c9790c3e
v4_legacy_0087,train,legacy_v3_development,images\train\v4_legacy_0087.png,13990098c8971d574f0dd998c8f6e4fa46d099850a26487828a0177c43a8e5d0,10180a09073960c0,bae19d3c421eb0a7
v4_legacy_0088,train,legacy_v3_development,images\train\v4_legacy_0088.png,40002fd36d1eb695c66aadf9e4e22afcc7628955883267b46811aaa20e553285,c0406030391d2d18,bf8dc370986e4391
v4_legacy_0089,train,legacy_v3_development,images\train\v4_legacy_0089.png,5725a15b90c001a945986b48f3813de6d280625f24787bbc1c676d752c3c5c3c,00212f0602020301,ae36d8c9c436370b
v4_legacy_0090,train,legacy_v3_development,images\train\v4_legacy_0090.png,a4b186a67e750346c4d59edb342fd2ee352547ed3b754bedbed17a4e1c3a1458,4020202633302020,b8c3873863bc9578
v4_legacy_0091,train,legacy_v3_development,images\train\v4_legacy_0091.png,3ca544af1d45e22e7fccf649070b8c67a1bc763a638e74b67de027155bdf58fc,8484440c0e1b0100,f285c96834dec935
v4_legacy_0092,train,legacy_v3_development,images\train\v4_legacy_0092.png,9d59c1404fa996218f37c643f293e3245df473da885fee845d51ed63cb7f9278,040406216040c080,ee64a597da4861a5
v4_legacy_0093,train,legacy_v3_development,images\train\v4_legacy_0093.png,ee8540f7cd0dc46932b2682310edc3854cc35749eb7ed9243e78438a3b83c745,1010090710604080,eb70959d604f4e91
v4_legacy_0094,train,legacy_v3_development,images\train\v4_legacy_0094.png,bb0f8bd10ccd59bb261406d2c8ad62cc8f18d3bd47219c968a4564b541227b8d,00000103620c0c08,b3ccd4358de2328e
v4_legacy_0095,train,legacy_v3_development,images\train\v4_legacy_0095.png,d24b1ac46d61e0c0c1890dcaddee40a4bf68e0fb09ea7b31a39e202afcd08105,c0c04060300d3020,9f87e0709e8163bc
v4_legacy_0096,train,legacy_v3_development,images\train\v4_legacy_0096.png,eed62c979d26fb371c3a4e10306cc6e2f0dea5a646fd52d185ad4ebfd7dd9eb6,80c0406030181f34,bb8760f09c639578
v4_legacy_0097,train,legacy_v3_development,images\train\v4_legacy_0097.png,c63f884792111c50b10c4d6de25b4610c99be2b63a6e85df190c64c6f4f4e6f9,804868340e030100,ea95cb63b0582d93
v4_legacy_0098,train,legacy_v3_development,images\train\v4_legacy_0098.png,dbf159d3bdf762c4681148000b565f5bf9b8927784ee3bbe574d72991e1813ff,8062130c08181010,e36e9d9586e06878
v4_test_0001,test,test,images\test\v4_test_0001.png,d479d42a3c2e895cf07a9cf8a12c741d4f9d6a98bb6d6d3a18ae2bc5c6d6e0b2,0040636626567648,aecad034a48f3bca
v4_test_0002,test,test,images\test\v4_test_0002.png,2207ddd564d285ce1e3bbc6752c2178c1bbc0284fa401f718d6a5365827b8721,1806030103073860,eb61b532929b49c9
v4_test_0003,test,test,images\test\v4_test_0003.png,760b169bc83ae65b8f5f2441361b45ab40c52f9a5c798645035b7a23c8c30384,000103867c480808,ba4ac01735e5ed19
v4_test_0004,test,test,images\test\v4_test_0004.png,09543888a3534cc993405d695173e42a6c0efcfd7d92c38b4a4fb43aa96e1d0e,1a2623216040c080,ec78a1b392da4acc
v4_test_0005,test,test,images\test\v4_test_0005.png,61815e87c64531b58ce1f82bbd75b9349dd86cefa3f85849114a0fa51ddec174,060606878d1c3830,f4c49d33c22de5b0
v4_test_0006,test,test,images\test\v4_test_0006.png,cd74aea56d94d938ea227855be2576cdbd78d5ceec1e5a05fdc56cfee9884a13,080e332164c40404,be3be1879ed88809
v4_test_0007,test,test,images\test\v4_test_0007.png,d3ad2a3826cb64d1cfed12f803ac50ed0076133b28e913523c0843e2a4e07c61,080804071960c080,e6e6911b60679d98
v4_test_0008,test,test,images\test\v4_test_0008.png,1696f2e29161c8ba5b5a4b61f0fa16cf60ccded9e1474a5d392b43b5a3f0dc08,c06030100b010808,be1d8743e1b04c6e
v4_test_0009,test,test,images\test\v4_test_0009.png,7680e8ec0d66147a1f595fb7092318e5ce61109471893ecc6989ea6f547239ad,c060305c06030100,ae9dd8e0b11b0d56
v4_test_0010,test,test,images\test\v4_test_0010.png,1d166a016b0699ac0c3bce37ff0439bbc0ffac6bc1e5de4a7b987384091f8e7c,8060301c27212040,ae15934b64f0d8ec
v4_test_0011,test,test,images\test\v4_test_0011.png,a137ce3a994afcfb0183282f4b41720914f5714a35007afd604ae697030ab39d,08c86828180e0301,ae96c3e0b04ca75b
v4_test_0012,test,test,images\test\v4_test_0012.png,5df456ba65961be323ae1eaea655bd1eb45b689d58b752b2213701bc599dc331,00000103065c7060,8fc09a36e40db3e6
v4_test_0013,test,test,images\test\v4_test_0013.png,9a79ef2f6f65d10bb6b04a5f1eab05ab7378324911bc0d8716281c90e12c72ac,804060180e030100,ef97ca60b058ac66
v4_test_0014,test,test,images\test\v4_test_0014.png,9ab29f6d5b8d71c838497f76fbd047abc909ff2a981bcc0337beb157013357a8,804041631e306080,aee093bc604fd8b1
v4_test_0015,test,test,images\test\v4_test_0015.png,656e70b3f994dad0b87edba394857441efb245216198bbe4c3b4e5590d39ad07,8243390808080808,eb292d85c4d2da9a
v4_test_0016,test,test,images\test\v4_test_0016.png,34b655571be0a221206dd9039f5fd9ba11ecda823ee7e16054cd1df848cc1624,c070300804020100,be3d0ec5e261b158
v4_test_0017,test,test,images\test\v4_test_0017.png,f58d1b8ad479d800fe4fd7d255b0a19e35703789d18847304fd60d70e7ec4372,0c36363b2361e181,beb4d04ba3c30d74
v4_test_0018,test,test,images\test\v4_test_0018.png,a6e52273e27141f91525fecfba72a99d686c338c6a1ffa3b9471c8d5bdb4fd4b,0080943c66020100,bcb0c2cf3f18e0c6
v4_test_0019,test,test,images\test\v4_test_0019.png,153ff166f1b152e8488128123dcb51525bacd6101e284cf8411d3dae9f3b12ec,80c060311b060604,bc9bc721185e6789
v4_test_0020,test,test,images\test\v4_test_0020.png,9043e1cc6b46056891a815dd1b553afdff5bee81c4bb826e636974b6783338bc,0103061b03020604,ed4bd6d2323495a4
v4_test_0021,test,test,images\test\v4_test_0021.png,12955949be7dc7a0977fcecb04875351302f403a00f5d22cae5c3e37735b08e7,98981c3e3b210204,bb33c1c85ca5c6d8
v4_test_0022,test,test,images\test\v4_test_0022.png,e3f8eecc38be541e5925d18a6ef21bb4bb7f661125765d5bc58271b88eb8ad0e,202010100d294680,fa948c6aa19d7a83
v4_test_0023,test,test,images\test\v4_test_0023.png,76066840f7520c8c143ef2f704eb7b691b9e704e45b2c29e23a8f3993c3b6331,807a1b0108040404,bb3b8585c068783f
v4_test_0024,test,test,images\test\v4_test_0024.png,b1cc53c2efdfc5dd85e1a7ed830f2f06be05619a1404ec52f127d08f7b7e4082,2010501804030100,bbb5c8e8b61b0d06
v4_test_0025,test,test,images\test\v4_test_0025.png,aa19d8d76bc02759a8e0b833117b2b66f7a3611ce8f07665ce6090af2df37f94,0101632f3f3e3030,be42d0b5233ea52d
v4_test_0026,test,test,images\test\v4_test_0026.png,815a731e6d0462bd55a8d96cdd974c6a0baa553773edee8010be2542a94a2807,00010f3a7060c080,9a68c09fbcb1a764
v4_test_0027,test,test,images\test\v4_test_0027.png,c29dd2c13fa22d06cbaa876d3e70bb12f7fb17c1c79243ff4a78e67326dca942,0001030c183868c8,bfe08f38e306e80b
v4_test_0028,test,test,images\test\v4_test_0028.png,f4cfc78fcd11ec7d890cda6946310076784b6c1eb1313db50c7567f145e78b7b,381c46a321210000,ba3db4dac8c5c486
v4_test_0029,test,test,images\test\v4_test_0029.png,6dfaac254345a09cc077d195eecade2c76d1d8e7be7fbf7738558bd2b52c8a5e,602327193060c080,be78c597b061664c
v4_test_0030,test,test,images\test\v4_test_0030.png,90a24a3d9df248456051c950f2be32b15fbcdb8ae15156410bd27d1d92f963be,202021271870c080,ba6883b7e04f5ad0
v4_test_0031,test,test,images\test\v4_test_0031.png,e0630a917d12ad2f96add41936d9212d013a51e78bbefc12b31b6858d06278cb,c070180603080808,aa3d95ca61a4f278
v4_test_0032,test,test,images\test\v4_test_0032.png,20cf8ff7ce203fe2834c2d6a5e4051c3d3d7ae8bcf4c28bcff0a8e8473caed43,80c04020100f1934,bb8ec0609c6ec799
v4_test_0033,test,test,images\test\v4_test_0033.png,6c9bd52848d85d5acdc05e93022651da3a4d71b2f13a9abd92c04867f433317d,1008051a20408080,ea72819db9634e4c
v4_test_0034,test,test,images\test\v4_test_0034.png,271e35711ced6ad4c251d0bffc6740de5e333a527875d375ba153f51a45ae1f8,040416181b317060,bce087387397950e
v4_test_0035,test,test,images\test\v4_test_0035.png,def2ad4cc9f1df09390302cada68f2fedfca2f5dd355ef66cdc8cb12ebbfe56e,0406011b9d306040,b8e1873c614fd817
v4_test_0036,test,test,images\test\v4_test_0036.png,1c45f42fd75108ff0bb6b7517e69ab1793bd17357cf40a47ccbbe7ac49df86b5,000143723e040404,af4bd0f03d8dc170
v4_test_0037,test,test,images\test\v4_test_0037.png,5760d9a5000e77b8cd50fdb39f6ae974de3329fb466084fa52294bb496ea28b7,3806010101030303,ca36a5299695daca
v4_test_0038,test,test,images\test\v4_test_0038.png,9e7a073a9e8343b2a89379d5c70c8ad8c4a2863a6ea8280d08cdc3c8cc73d290,040484c1476c1830,eec8b027495a86bd
v4_test_0039,test,test,images\test\v4_test_0039.png,df6221dc8f59d6f0bc1931b90c5f58e26de8a27297d231983fd393d5e2201e1f,301c0c0603010101,fa3512c98dc6e263
v4_test_0040,test,test,images\test\v4_test_0040.png,ccce35aec388c06d3c08620663d33b5c28a9d1f3ab66f085526aa39fecc601f9,80c04067670f1c18,af8f9070ceb1664a
v4_val_0001,val,val,images\val\v4_val_0001.png,27e673e50e4dfd79b4244d51a2b8c05af8cc7c650da80daece4b55c03e2599d1,0808181e33c18000,b8b1c64e3d30cb8d
v4_val_0002,val,val,images\val\v4_val_0002.png,38239d8b3f5cb0443973d70acd879e10d2bc471dcd8358d348feae103e005af6,4070180c04030100,b63f89cce663a150
v4_val_0003,val,val,images\val\v4_val_0003.png,cdf9d0ccacbfb6ffeb1abca4ffe15d7624c244f473e3a131a9f29d3d7df8724f,0404c4741c0c0301,bb95c271194fa358
v4_val_0004,val,val,images\val\v4_val_0004.png,a9b3724a9886900cab4fa386865e61ab6d3d484f86d67ba20da70fb1b8871e66,c06030180c050908,be1d8f62b1786c90
v4_val_0005,val,val,images\val\v4_val_0005.png,c950d1a9db144e225fad5d22a7f3c2acabc983484fa0258ac1de986caf3207f9,80c0402030181d03,b8874330cc76bb4e
v4_val_0006,val,val,images\val\v4_val_0006.png,d3b8852070878ea10412d94a8d0e343edf7eeffeefa52cf838f4c408670a1fd1,80c0603d07070808,ae1f85e0709a8d2f
v4_val_0007,val,val,images\val\v4_val_0007.png,2074a5e94387486917a517d8a62227dd9cb66aa692e30ce779bb3163a58cf464,80c061330e0c1010,ba0ac0e47c999f66
v4_val_0008,val,val,images\val\v4_val_0008.png,9c096b649e148e7260e5b0fe08d29b4654bba409798ad1c266b0522b42d44d58,80c1730e08081010,fa4ac8d0b43d2d8b
v4_val_0009,val,val,images\val\v4_val_0009.png,7bdac4c1b5a0a15f15ae4fa182d211ebfe70d5e06203c8ba49fca8613af2fe52,3030307b7b713020,bebcc043e1948b67
v4_val_0010,val,val,images\val\v4_val_0010.png,3b3dfc347ae93f66a52b71c34d006956cd9280eebba8c9e984a210e0520a5164,c060382c63414040,be3d81c3653058ed
v4_val_0011,val,val,images\val\v4_val_0011.png,c338ae7069cd72c1d190d83d7f02918d00f9f333afc1544abc1574139bedfc6f,701f232120604040,fa3a259596cac8e8
v4_val_0012,val,val,images\val\v4_val_0012.png,92594291d95747a5a925d70ec089796aa7dfdfe0c46d832bcd98d419509722c2,d020301e33716140,bee0c70f6196982d
v4_val_0013,val,val,images\val\v4_val_0013.png,89a20e25bfac626b23ed34901ed710e587f58e0c71b595bdd1caa360ac24857c,0163360c10302020,ba4bcad0c2f4343d
v4_val_0014,val,val,images\val\v4_val_0014.png,d946b544fc05f637351f55e7244b27bf7e7e60299e64cf347b90ab36449b4bf5,0011170c183060c0,bb60ce9cb0a7ac29
v4_val_0015,val,val,images\val\v4_val_0015.png,7e1d3a49193a324edd0650778e6bd0561d404e96468b034468c162db521f4b86,282834348c870100,b8b4c2e7371ba4c2
v4_val_0016,val,val,images\val\v4_val_0016.png,dd08616a2c7d08981fd3f36049a5c37dc58867e6eda24162825908a40fbcf313,20212638206040c0,be78c39790b52465
v4_val_0017,val,val,images\val\v4_val_0017.png,eab580f0d6d45d460a1d192593547332ed355d936a8b1cfe5235b9d75083bd7c,141c246341c08080,ea35b1d34baca452
v4_val_0018,val,val,images\val\v4_val_0018.png,d1f6e507b5467eebf700a07f5e5c41e446c2df039d90499a45067be370513166,0c0f11316040c080,fa68a5879ed85909
v4_val_0019,val,val,images\val\v4_val_0019.png,798055af2f8981ef9591997fafaa87a4ad659c4d81b3a6e23b1fa3c4af2cd7b1,0c04053060408080,ee6ec0879d90636a
v4_val_0020,val,val,images\val\v4_val_0020.png,ada0285189fd8606c1fe90e0670bed6990e2276199b3a990ced0d5dc1c84b145,0465131030204040,be7a8794a1e16878
v4_val_0021,val,val,images\val\v4_val_0021.png,a90cf74f707cc4007a606214bee87cc23d0269f015e3e41b0b03ece078386fc6,800005031c3020c0,b8e08fb0634e68b7
v4_val_0022,val,val,images\val\v4_val_0022.png,5e269dad8a30047beef21569e84caa9b2f262ff14f413a6c3bca9e3b4f883f5d,0606060709181020,ec6c94324eb9935a
v4_val_0023,val,val,images\val\v4_val_0023.png,40d10a15ff505f1702d8f088e0a61bfa508eb9b2039f793c023e452abef9a290,04141531357c3000,b8e8c7176bd91126
v4_val_0024,val,val,images\val\v4_val_0024.png,d2a2548fd55eefef66ff52f096f225873ade5bffd6794534c4e5817dc5703a93,301848c48681050c,fe39bc4884c643a7
v4_val_0025,val,val,images\val\v4_val_0025.png,a1941569b075a6fe0d2820c58fc04a1b7e02128d57f3b69e71f1bf00aabf0b4f,08082c141556cc80,b0e6875998a15fca
v4_val_0026,val,val,images\val\v4_val_0026.png,cf281b871dbe12a09f1d6e001bc35f997cc4a8ce9d857362b5ad706905639f57,04061b312040c080,fa70858f98527365
v4_val_0027,val,val,images\val\v4_val_0027.png,960bdf883342f031912af1ca8e9851e70f7176788329890c132058136854ea0b,08080c0126386080,bee2813de04f3ea0
v4_val_0028,val,val,images\val\v4_val_0028.png,9cdacd7b1d41aa1e1a447250152b180890f8794464aff60c719e7a31d52dba4d,310b070606060606,ec1b9b9a968c8c65
v4_val_0029,val,val,images\val\v4_val_0029.png,ac79b6a1f7ff8769ae22bfdb364f461c494c824cb98caa6f719d3b71707bce03,1828381c06030100,ba35c2c9a53a1dcc
v4_val_0030,val,val,images\val\v4_val_0030.png,2e0766e22912dce9d3dd012340098d94834510124915f3ba656664071bc15c8b,8888cc444c0e0901,e685d87387ca3592
v4_val_0031,val,val,images\val\v4_val_0031.png,599a3440387f11aa7dd3d4ab6f59a366d1a11957e7491cefab9676df48e3e635,101011130e1c7080,bac28c35e51e72a6
v4_val_0032,val,val,images\val\v4_val_0032.png,81c2ba7c4903a34dfe5faf7807465d4cf178472afd45692df56c8fcfc9556cc9,04040404010d9870,a2c49d63ce99e64c
v4_val_0033,val,val,images\val\v4_val_0033.png,f2d4e40acfaddc372daff60ec24e2834cf3e76ddd128979710394281dbd7acf2,2010180e0d604080,b330981e66879f71
v4_val_0034,val,val,images\val\v4_val_0034.png,7ab375bd1b5d55b8447fadd947e69eab6c71f3852a3615b7c7ed7303ab0c6c88,04040c3341c08080,ee64919b5a2925d6
v4_val_0035,val,val,images\val\v4_val_0035.png,5390c65be14a8d5d30b6aff7ef80193f55bc5b9d01505d9b876e58b6a172f68c,086828381c67c180,bab5c767b1482692
v4_val_0036,val,val,images\val\v4_val_0036.png,a7b4c396e6b3c9d6e8bcd4b5531b214900c8b6c39265a94d62ff56d59f2e41b8,2434151160408080,b878849f9e6063a7
v4_val_0037,val,val,images\val\v4_val_0037.png,252f2a8fe44a5bf00ebe7f310fdf2fdeb281d926943553124f1ddad15a6a0837,0404060b9990b060,f9e78c105b2d6526
v4_val_0038,val,val,images\val\v4_val_0038.png,cb92f22e1b68b3538aa743f1cf48859ef9cf6681a7a8bc477be6e2742a1d4efa,8080c06020100d0b,f68d62188f639966
v4_val_0039,val,val,images\val\v4_val_0039.png,27ee73cd5373f86612304b4406811a1a67e72af9fc23b87c58df8ff6ab9cd94e,3098898184040404,f838bc9c8e4e4663
v4_val_0040,val,val,images\val\v4_val_0040.png,338aa17e4e5eaa998ef5821e7f46d0c9715986c76073ce9355fcfde79b715bc3,0001070604881830,f6c69991a625e11d
v4_train_new_0001,train,train_new,images\train\v4_train_new_0001.png,7210ce722dbc842e618f982ba3b6e727f881fe33c7d6d58058d4d109c3448683,80c0446627250c18,ae8d916c8d334e39
v4_train_new_0002,train,train_new,images\train\v4_train_new_0002.png,db748c9d7ade62ea61ab06f2bc1729a804e53a3274aad4e6800cede00d3df935,60781c0e0506040c,a61b9bcce2b0f14a
v4_train_new_0003,train,train_new,images\train\v4_train_new_0003.png,efc78656cc79882f1afea4c48da7b44547ae23098787d5691c3075d5d0781ce8,04061719306060c0,bf60879e5873a584
v4_train_new_0004,train,train_new,images\train\v4_train_new_0004.png,c7b38dcb34ce5abe625eb8000b5250dd7034663c90ccfdbf078d9ed246ce2bdd,0404163340c08080,ec6ca493da183c75
v4_train_new_0005,train,train_new,images\train\v4_train_new_0005.png,77a8fb3208229ff23c6deb6292c2ce128b51a8806fbffd6205900953df44e48f,2c092e626644c080,bf72f0818d8dc744
v4_train_new_0006,train,train_new,images\train\v4_train_new_0006.png,c7de52f7510ac313e4982c52532f1f50d3e3e6c3f333cb529f617bde998aaa83,6030180b01060404,bc1f9ccc42e3a1f0
v4_train_new_0007,train,train_new,images\train\v4_train_new_0007.png,fb5ff4fc3a9e8f39bfeb264fb8babca299a5ad3a289c880d1ffe7e773fc2749b,081e0e226340c080,ef3090dbcd2c3632
v4_train_new_0008,train,train_new,images\train\v4_train_new_0008.png,412ba81224dc94277d8f70e8ded8408824b3ce2ebf684e8bbc7b5e986c8c2a4b,040416133160c080,bc60879e7821c7ce
v4_train_new_0009,train,train_new,images\train\v4_train_new_0009.png,853464f7ad1f36fa87a44c60d034a55bca4e065eaf4901c529272939772c8105,808094950f5c1830,b0c69d336c58c7ac
v4_train_new_0010,train,train_new,images\train\v4_train_new_0010.png,6e21ff3d070ce5e40a7ea99ad46c5dde31c570bcff872a99c109df078eaf4f97,031434246840c080,ae7c410fee869c98
v4_train_new_0011,train,train_new,images\train\v4_train_new_0011.png,4ab7f5d3b3f5da7d696fd5afb908acda6712a90782625a13db69319a7c5680ac,08043456d3010000,be2cd6c22d3dd8c0
v4_train_new_0012,train,train_new,images\train\v4_train_new_0012.png,312bcdc49c45f727358b87589456baf7c75446f391fef8107f03008bad8254aa,04050e1830604080,ac60c69eb0b3b78c
v4_train_new_0013,train,train_new,images\train\v4_train_new_0013.png,d7156ffcac63917a4e0a3da89adc53b64875ae959dc2aff628866633b841cd86,04060919303060c0,bd60c79cb0137e4a
v4_train_new_0014,train,train_new,images\train\v4_train_new_0014.png,0e9a12955818356c9569b0fb302b301707811d7ee8f2c94ddeb38dc96931bef7,606030180c060100,ba1d4e67b349a452
v4_train_new_0015,train,train_new,images\train\v4_train_new_0015.png,c794a014472dff855bd058d4d466e3da8450a3cf4cfc7f21d6be0f9822920554,06040404145dc383,ea94c33a94c33f98
v4_train_new_0016,train,train_new,images\train\v4_train_new_0016.png,d131164c49d9fe78d116b94dd4f0240bc806c37c6704e142dc8719bcaf555f5c,101c1e3351c10000,bb31d0c38f7c24c6
v4_train_new_0017,train,train_new,images\train\v4_train_new_0017.png,40bc724e365b9855c0eab0ca4c36f0cd07b8d2a4937ab30ebc566c6b78cc2fe2,c05038191f040404,bb1f87c16070dc95
v4_train_new_0018,train,train_new,images\train\v4_train_new_0018.png,bd9c93be16e4ecbfb6d015743547a0f7f412d90faddc8cde0a08b30e1647e0a9,80c0601806030504,be9fc2e1b05a2d06
v4_train_new_0019,train,train_new,images\train\v4_train_new_0019.png,2076882d54332f36872e4c0139bbdcea5283db36dcc47e27cfb3387466257121,2050101804020100,b830cacce673391e
v4_train_new_0020,train,train_new,images\train\v4_train_new_0020.png,b60bfddbb78af8cda6f9c96a673337ea4f617b0d3134ccd6fc5978a95e480f48,20303e0703010101,ee3d9ac8e572310a
v4_train_new_0021,train,train_new,images\train\v4_train_new_0021.png,d30a8200450b929404534adb886dd68f0014a38a22fa855bbc67fb40ec074ef6,6060682c4e460604,bf1fc86433a0c38d
v4_train_new_0022,train,train_new,images\train\v4_train_new_0022.png,c70f60cdb0ea3ce7eca939224863e8e718f65e79f5ae4d3508613835dbcb2b2d,80c060390b0c0808,ba1d85e0789c8e67
v4_train_new_0023,train,train_new,images\train\v4_train_new_0023.png,25608c8b923ac10d23ea262be2bc58aa285f45d55f285b94218ae571cec6ad16,0101070c18204080,ea6ace98b1a7a42c
v4_train_new_0024,train,train_new,images\train\v4_train_new_0024.png,f9e207c2ada8187e0145eafb37201b35f5c94d8af61e9bfc4a527f4edefa92db,0001030684cc5830,eec81a96e42de139
v4_train_new_0025,train,train_new,images\train\v4_train_new_0025.png,352859b9cbff1fffaedf6564b213f86813f0c07c4840cb06e424c1d7d1db8b17,0407070c183060c0,ec64cc999197bca1
v4_train_new_0026,train,train_new,images\train\v4_train_new_0026.png,1f871f960e89f765caffdd3a5d1a91033eb05b9b98038c0cc2d08e7946966903,0001162c68408080,a67cc18b9eb4b131
v4_train_new_0027,train,train_new,images\train\v4_train_new_0027.png,0ddea66e7b3f1d1f006e7c2011376c581cac2f2785e4093b5dfaacded5c13250,000103060c1830c0,eaca9a36e50de107
v4_train_new_0028,train,train_new,images\train\v4_train_new_0028.png,9a77a200434744695cc5cdf7c5caa6719f0739a6bedc633386f2cc410f80969e,0406091030204080,ad64e79cb093d292
v4_train_new_0029,train,train_new,images\train\v4_train_new_0029.png,2aa09d6023f4ef04388464817b81bfc652309bc7382646fd5571c47fd3b3e26a,0808080c051c3060,bae29d78c61ce04e
v4_train_new_0030,train,train_new,images\train\v4_train_new_0030.png,bc0965300fe957ed99cb73ac7d895215f9ee3502f5c1ef9b3f802f1c72b3bc2a,080807182040c080,e262c29fb9a14f4c
v4_train_new_0031,train,train_new,images\train\v4_train_new_0031.png,9ad7899af499a579028c07bd579dc5beab9534de3c0f0c734698b878754ef31b,086c7434141f0101,b896c3e1b04a974f
v4_train_new_0032,train,train_new,images\train\v4_train_new_0032.png,b697cc75055185c2fded27b377882fdd434c9f5207e205f83c5632ccf6d1c0e9,201010380e030100,bab5d068341acdf2
v4_train_new_0033,train,train_new,images\train\v4_train_new_0033.png,c92ce0115db59908b71c76af5ce3993f2c0b9865cde554a9c325343f2bd3d411,10100829351c7860,bac387384a97b30d
v4_train_new_0034,train,train_new,images\train\v4_train_new_0034.png,544700822dfd593781fc1c85fe752d2409d1b3b6107638b7353a0602f664a5a0,0806070c0818b060,e6648cb1935ac92f
v4_train_new_0035,train,train_new,images\train\v4_train_new_0035.png,70abd439df6d8fa0c96fa10198e72394219780f7a047c98c630afdb515c7ddc2,080c0c3c76e38181,be36c2893d7889cc
v4_train_new_0036,train,train_new,images\train\v4_train_new_0036.png,c8b07ace004cb19692abfff8bb6afa5e6e0a6d51f6d9413af916424e24b695fc,0001030c183060c0,bbe0ce1cb127ac89
v4_train_new_0037,train,train_new,images\train\v4_train_new_0037.png,f27c7c525bf2e13958f11e2be246b402d4ec3d0a595815b055edd2b0d7b34b97,03071a30206040c0,bf60c30f9c91b193
v4_train_new_0038,train,train_new,images\train\v4_train_new_0038.png,9b8ec7d85b95072cfb75b521eacaf6741994973727c813ef5c7d6eb25108223d,000103263c786060,9fe0c217b485c93b
v4_train_new_0039,train,train_new,images\train\v4_train_new_0039.png,621154447f3347b0f0c0021f06cd8cd2c2d7cdee5bc3e2244927e6c00e609aa7,0101070c38306040,be60c71cb1a7a42d
v4_train_new_0040,train,train_new,images\train\v4_train_new_0040.png,9f7fe7ccf0ed73e102e289b314f6e904959e2b2ab3b804e1313c482c117479ac,000103273c706060,9ee0c217e4adc91b
v4_train_new_0041,train,train_new,images\train\v4_train_new_0041.png,50c84a82f27e54f363de3158953fed932b8e39cd353b67ff5c2e11e3cad28a9e,6060757d3b733320,be97c56b6148e09c
v4_train_new_0042,train,train_new,images\train\v4_train_new_0042.png,9df204fe73d1f4113e439ae05e4abcda74a82e83c79e576ebd103f59d7a34dea,0001030408103060,bee01f30e70ce10f
v4_train_new_0043,train,train_new,images\train\v4_train_new_0043.png,7ea0f70d70ede226619f7127a9451b52c8d9cacf0b408058f72579ca90ada39c,23316d6180808080,9e7e78c081878737
v4_train_new_0044,train,train_new,images\train\v4_train_new_0044.png,dff8e318177774da9c102234a573238975ea60bfd32d45649e548aec963cc59a,00000103061c7060,bfc09e34e519e20e
v4_train_new_0045,train,train_new,images\train\v4_train_new_0045.png,2e3fe7f2327837a4e03eb26cd518e86d97e42d3a7b12ac34b08c78b305989c04,0103061c306060c0,af60c21fb0b3a6ac
v4_train_new_0046,train,train_new,images\train\v4_train_new_0046.png,76aaa24c11da0382bd5c53965a9ceddaa0f235906bd8bd76366fcab7fdec03fb,03070c18306060c0,8f60431eb893b796
v4_train_new_0047,train,train_new,images\train\v4_train_new_0047.png,1cd9bdee234bf30865102d829e817d1ace2ab47ea99d7687f300eb51dd27dd5b,00000163667c7860,9fc0d035e51972ce
v4_train_new_0048,train,train_new,images\train\v4_train_new_0048.png,309ccbd7a8ab884a8fd19ddf4b48c735285a3acbf94690cf893cc093342c74aa,010507356040c080,ea6ac38f9c903327
v4_train_new_0049,train,train_new,images\train\v4_train_new_0049.png,3e4e4b9e3113a697fa522c75e07234e4134295e781b574ab0b3772503f801aa0,06071b313160c080,ae60e5879819fb23
v4_train_new_0050,train,train_new,images\train\v4_train_new_0050.png,9d7bd6b784fe5c0235f4504f2f62d3f88fbb98b78ae3fed641d25311c00287b5,6070703038110301,be9fc760b14cb0b0
v4_train_new_0051,train,train_new,images\train\v4_train_new_0051.png,c907a38bcbf82fe9e235fe3624d4924d8cf46c8097662db857ba0746600a1a9d,0404043c3e7bb980,bae4c23fb4c827c2
v4_train_new_0052,train,train_new,images\train\v4_train_new_0052.png,6ca4913aa47ef32851f0b012a1e2c58084082a64f9ce5622439621b41666200f,101010070341c101,ea95d26bb4c41378
v4_train_new_0053,train,train_new,images\train\v4_train_new_0053.png,862e4b97cbcdfcbe578a586aedd812b5e6b9a866353d57be5c4afb74131526e7,80c0380911101010,b30e84c1627abd9d
v4_train_new_0054,train,train_new,images\train\v4_train_new_0054.png,95f67571ca2eb1b6dbbe5c4f9dbe3062de4d5afd719f08d49159350a7f9c26d8,80c0406137040808,be8bc170588fa578
v4_train_new_0055,train,train_new,images\train\v4_train_new_0055.png,962d9230cd158326b4eecd692bb1a280db877741690c312b24097715d7187740,02363c5c1e060101,bf9dc0e0b34b341a
v4_train_new_0056,train,train_new,images\train\v4_train_new_0056.png,d0e3199a659eb04511b8f5b6e3a421495c59ec17c9e7e4b341fb2f918c53427e,100e0d1820604080,b362c39d98916766
v4_train_new_0057,train,train_new,images\train\v4_train_new_0057.png,16f3cf0cbba8b12079f419a5735151674c64998f0833d1d6257f19919b23fe4b,10181808886c1701,b391483ec27e9768
v4_train_new_0058,train,train_new,images\train\v4_train_new_0058.png,0a82dd0f5c96629c1fff03498b777971adebf884c374d4162be6cd0bcdb17ea6,20202133237e3020,bec2d025699af326
v4_train_new_0059,train,train_new,images\train\v4_train_new_0059.png,7bb4e1b32abe14bf21636dbab95db49c8578ea5d36e170a4f9fbdd020c488137,c06030180c070100,af1fcb61b058ac52
v4_train_new_0060,train,train_new,images\train\v4_train_new_0060.png,90644fca63dba64b049510d5e67ddc9e7a3fe6f211237a8ff692d983123ad5df,607030380c070100,9e1fc7e1f058a4c2
v4_train_new_0061,train,train_new,images\train\v4_train_new_0061.png,6c735c8848619c85093a60722c2d385a895231b52cf8fb74c5e42562edb9fb12,8080c060781d0303,8a85e07a9f63b0ce
v4_train_new_0062,train,train_new,images\train\v4_train_new_0062.png,3332032b849e1d3b5e650f503cf46bb9ca71f01aeeb013bfd4d1ae5c21f344d4,30788e0301010000,9a3d94dac9e4e4c2
v4_train_new_0063,train,train_new,images\train\v4_train_new_0063.png,ca6f0b80f8f43f916b11125ac6fef3fb538088f37292e704dd5cbd56cc234cf7,0000004163673e38,9fc0b42dcb32c43b
v4_train_new_0064,train,train_new,images\train\v4_train_new_0064.png,978f5f45b40eb5f7eb47728bd52431a0cc3e5dd425d8628b147037bc0a5577d1,30303070723d1301,be94e038876ab7c1
v4_train_new_0065,train,train_new,images\train\v4_train_new_0065.png,ca3f21464fda9fe65c455c32c9215d5b9e73bf798030fd8652110ec88d716385,6060707859890303,8f9fe462916cf2c0
v4_train_new_0066,train,train_new,images\train\v4_train_new_0066.png,5ec1fd0340b3a4b959877dbbbda6a5d4ee909d4829ecc4e0be3bf5ec364ddce9,80c0606032180707,8f97c070bc6e9368
v4_train_new_0067,train,train_new,images\train\v4_train_new_0067.png,b8b169424ab3055fcacfb39192f5d09e593c9a48bfeccfcf5c061a4489c049f4,000001060c186040,9ec09f34e50df903
v4_train_new_0068,train,train_new,images\train\v4_train_new_0068.png,c236027ec33ffa96f393d0dbd6fd72605b3fe710fc50820b6965236d6bf8d327,00010306183070c0,bec0c73cf087ac29
v4_train_new_0069,train,train_new,images\train\v4_train_new_0069.png,a0370c5696e5c03c4a70672a2a99e9f3597f549ab7b8735b92b11d302f7282a0,c06070381c070301,ba97c761b048a69b
v4_train_new_0070,train,train_new,images\train\v4_train_new_0070.png,63c508eacd7d390b7e9f592b2b4958757be1b3ff6afc002f8e2a61bc67ded08c,01031d30306060c0,bf60c30f9891b1b3
v4_train_new_0071,train,train_new,images\train\v4_train_new_0071.png,293d05a62d2ba887a0f40bbefb2c9ac90bf9e046dc6382e4782a59b497f023b7,8080808064371608,bec1f10ed3304e93
v4_train_new_0072,train,train_new,images\train\v4_train_new_0072.png,187bf52037fe714adb8d961f2b99f034cb9802ce4a17033966930a76a4968b51,c051181b070c1c34,f31b8da660781e9c
v4_train_new_0073,train,train_new,images\train\v4_train_new_0073.png,54edb86e9041dad1a684dd46296cd6faae3591f636c060e61433af1d603fa5bf,301c0d1c306040c0,b3708c9cb867664e
v4_train_new_0074,train,train_new,images\train\v4_train_new_0074.png,cec4be3d4e9b0f46e234c7e0115232ca7e26f5e0499cb27301b96b120dbaf984,00330e0c14342060,bc3e5ed8c2c2e035
v4_train_new_0075,train,train_new,images\train\v4_train_new_0075.png,3c415c11a9231e5a5142ef4fadbb0a5e35ad1520adb1f7d492cdd5047e7cb426,6070180c05070408,b21b8d4e63b3b948
v4_train_new_0076,train,train_new,images\train\v4_train_new_0076.png,6113bde38a1f2f7ddf370a495b2020f31dad3048fce500ead542de969638440c,8080c153161c0404,b8cac7303ccbd334
v4_train_new_0077,train,train_new,images\train\v4_train_new_0077.png,8266b21c2ced2aa78f5c5d91552fcad983c14d0fdc5ff7b155ab54d9cfeae2c4,040402031950c080,fbc4843a7ac49d38
v4_train_new_0078,train,train_new,images\train\v4_train_new_0078.png,5658c0ba2066f3d370568f76269f8688eb01812cb1196378bf5ec833bc859ac4,380303070e0e040c,e65998b6a58c9bc2
v4_train_new_0079,train,train_new,images\train\v4_train_new_0079.png,f34cfe5b3fff09fc5df946fffc93eb8364c6c8f731c313c2c11fab1d8629a5ec,3848050306040404,e33313958dccccc6
v4_train_new_0080,train,train_new,images\train\v4_train_new_0080.png,c77ebe46e84e4f6cb7f8460c333862aa493d898e9bbb2d3f08f902c9362317fc,181c2c6647c58800,e631914acd9c4e6e
v4_train_new_0081,train,train_new,images\train\v4_train_new_0081.png,5c0fe980c9cf98cb33783fd695ef74c19078eb074bfce34d5b9af8bad3c444e4,3018cd8103040404,fa3b9c9c4c42a783
v4_train_new_0082,train,train_new,images\train\v4_train_new_0082.png,40f3c46fe2ac634823b7d2670298c0a57358ad2e7c8af8a9400e5e74dd34337f,000503060c8c1830,e4cc9ab38439e33c
v4_train_new_0083,train,train_new,images\train\v4_train_new_0083.png,60ea5925c77387314e614ff2026ba0279d08979c4335f3c1c3bfa68b470b5a0e,040603070c187060,edcc9d32a78cd803
v4_train_new_0084,train,train_new,images\train\v4_train_new_0084.png,eb596b1118f616c95a5785875ff8e8f054ea75e33ab3418b2c819def916c8e6b,0404040602173160,ace19e78871e6187
v4_train_new_0085,train,train_new,images\train\v4_train_new_0085.png,b7b2baf04a8ad41ac0f2047e7a45583e3ae9b8758d2c15b9ddfceac991fb9ad4,0001271e94840404,be7acac0b1342ccd
v4_train_new_0086,train,train_new,images\train\v4_train_new_0086.png,1dd44652c3cd5cea6ff19a57d8584c6179074acd6f426b711e16c0e91886c7e2,80c06030301c1912,b98ec1709c6e9729
v4_train_new_0087,train,train_new,images\train\v4_train_new_0087.png,09373ca6d106ab86139242bf9a1e35671949d4be03d504bb9f803c6d53c4928d,10082709387040c0,bae0859f7063ad94
v4_train_new_0088,train,train_new,images\train\v4_train_new_0088.png,2b031397537cff387c9f5c6f5194bb2b5a68b4fa2886f908457d5f586af2de79,20282c2d0f1e9c98,bedec1254b5286e1
v4_train_new_0089,train,train_new,images\train\v4_train_new_0089.png,989b6c8481254f5972f01ebe29c153a59787dd0a42d53e38f041e2ff6cf295cd,0001060c183060c0,bee08e38e30ef823
v4_train_new_0090,train,train_new,images\train\v4_train_new_0090.png,ed5926afbcf79ac644c7dcb6b40fb6dd65250c9500753c969a56f32de430286d,08080c0f3d3c70c0,bee08d1c602fb5c6
v4_train_new_0091,train,train_new,images\train\v4_train_new_0091.png,cf99dd5def6224949d118c5075bbda1d98a7548b720e199709b6bd072bf4b185,80406020301d0d03,be8dc3709c46b16c
v4_train_new_0092,train,train_new,images\train\v4_train_new_0092.png,a31137daa2396431ad4a3b0945d681fa7bc264bec49efd51a611125dc64e1759,00010f246666c280,af70c28f9c9cb521
v4_train_new_0093,train,train_new,images\train\v4_train_new_0093.png,f8deacc5bb6d2c34cb449652750df9e26a2c70d81a9d26f046ee03dd32c73ffe,402010180c060305,ec934e649369b4d8
v4_train_new_0094,train,train_new,images\train\v4_train_new_0094.png,2683f89c998fb0a84bb6bea4b424cd4533ca557428a04b0d54c402625dd49c84,0101071c30606080,9a68c29fb0b1a7ac
v4_train_new_0095,train,train_new,images\train\v4_train_new_0095.png,17ad700a9c54fa4d31c37c9e85984e27a962ff8947d528944080e54c676f0ed8,4060180c03010100,da25964ba572b958
v4_train_new_0096,train,train_new,images\train\v4_train_new_0096.png,8b507250bf0218fbd41a7c3199a74719cf96ca29c0450bd91b22bcfed68e237f,603018080c070301,ee9d48669369b0d8
v4_train_new_0097,train,train_new,images\train\v4_train_new_0097.png,a08b13579585029850e702a03340063c695cac660a72dec5f4320ebac00c0281,c060301c07030101,eab5c269b458ac66
v4_train_new_0098,train,train_new,images\train\v4_train_new_0098.png,b14a511f244564f55f13b8c8e8d216e386b19166be1a9ecc19869f16d3b16b02,8484c40c1e1b0100,ba85cb7934cac934
v4_train_new_0099,train,train_new,images\train\v4_train_new_0099.png,54ca3893f644c9244e0b865eff2b1a1f82b3e1181029515eb2f30fef047b201d,0e11206040408080,ef6a6027a7b49494
v4_train_new_0100,train,train_new,images\train\v4_train_new_0100.png,8e68a8994b921c13347d40040ebfca712e9398da439ce45dba1a52b5d5f13e89,c040201008070104,ba1dc463b1584cb7
v4_train_new_0101,train,train_new,images\train\v4_train_new_0101.png,29c974767e12448e16979ab48242f5727a51bcaa98b3111eb3653020f17d026c,1c1c3c3f73410100,bb35d0c88534cacf
v4_train_new_0102,train,train_new,images\train\v4_train_new_0102.png,ec23cfec0fe37d20094c49f224367e26548d8ad239f479d12953b4a6bd076543,01071e3870703818,bf62e08e9a9893b4
v4_train_new_0103,train,train_new,images\train\v4_train_new_0103.png,9bab601936ce3594af755e19721e66f1461bb6901f3e2c8fb847f014aae66071,8040310f04080808,ee1b9d85e160589e
v4_train_new_0104,train,train_new,images\train\v4_train_new_0104.png,f7575af9f8f61940d2d7c6039b24143ed2b5bc494980c087e957f1bc5eb27539,603018080c060100,b331cccea663b152
v4_train_new_0105,train,train_new,images\train\v4_train_new_0105.png,bb97953410ce1b7d0581d97fc74f391a7fde7979cb1123e074e65a6d34544f6e,0103061c18307060,bce0cf1af286a4a5
v4_train_new_0106,train,train_new,images\train\v4_train_new_0106.png,e7c05d1f5c64eb1fed84600bdfec7b4b6e0e55437eb5287729ca1129768276d3,8040603030180903,b897c3f0a85a956a
v4_train_new_0107,train,train_new,images\train\v4_train_new_0107.png,6f07c79572da29686a2ddc3197da99eda23551344fec33408d69612df68b294c,0101071c30604040,af60ca9eb0b7a42c
v4_train_new_0108,train,train_new,images\train\v4_train_new_0108.png,9f1e085d338b7e0fd31985591fec41df461a4e724d2ae31c5c561774d504d2ce,20180c04060c1860,b63399cccc86e629
v4_train_new_0109,train,train_new,images\train\v4_train_new_0109.png,750e16c568db731b17a724a1a118aa354ad54b4c7690a7eb3a05222254b86d6b,60231c1010101010,b90e8ec7c3b1b330
v4_train_new_0110,train,train_new,images\train\v4_train_new_0110.png,e200b34265664f0e1011f680642d8232c24ba0b08778a520960f05e4edc764fd,60180c0703030303,eb3492894d46b6e3
v4_train_new_0111,train,train_new,images\train\v4_train_new_0111.png,6a1af8861091c83361d11b84a788085b0ba13ba54e645c3ed280b9fb256d4ebb,6001060c18101808,f14cce99b3b68425
v4_train_new_0112,train,train_new,images\train\v4_train_new_0112.png,3419e7de897cb991544c9f4d587394d6b04a3dcb1f5fe5063ddea268c124c335,60380c0503020206,e93694c9cec6e261
v4_train_new_0113,train,train_new,images\train\v4_train_new_0113.png,4b98dc33f6fa49672797e36be20a3486293f9b01f238724e43efe4cfe50e9bc9,182010182c060100,b038cce723732d56
v4_train_new_0114,train,train_new,images\train\v4_train_new_0114.png,96b97b73424fd02b04218d1f87aff0badb311c52accedba2e43a7b55cfcae5ef,0106183060201818,be60e1ce8f98d033
v4_train_new_0115,train,train_new,images\train\v4_train_new_0115.png,c47e9d1717f5f04c6ce3cbb2978cbec2ecd8f209767f436f1f86eec367e42ab1,30381d0d0f0c0808,ba3c9dc462639387
v4_train_new_0116,train,train_new,images\train\v4_train_new_0116.png,b3306c09436fd6ef18bb6e33959fa811f7c48426ea09188c03a896d5463bbae7,2020101c67c18080,bab5c04e3d90cb2d
v4_train_new_0117,train,train_new,images\train\v4_train_new_0117.png,303fcd21c8978cc7f187d8ef2550727d92c58e18818c87994c12ce7904545dce,04040404899f3c70,bac69d60ce34611f
v4_train_new_0118,train,train_new,images\train\v4_train_new_0118.png,1ad9830895ac4a9b89fa21d2ea114065590f04beaf419420c20c0cfa8cff74a6,20101050100c0401,bb95ca351946e358
v4_train_new_0119,train,train_new,images\train\v4_train_new_0119.png,d1b2160e427c5fa91940606ba6bb0fa96fadba037a1bd28e62077b56bb1de896,80d8d85819070901,b385c468be1f6392
v4_train_new_0120,train,train_new,images\train\v4_train_new_0120.png,9421b512665a511556643d20dee63a3bed3b09d616e7f73ddd02a8a5b8a90d1b,0801060c18307060,ba62cf98b1a7a425
v4_train_new_0121,train,train_new,images\train\v4_train_new_0121.png,def2282e6fe905754cc5b161212c682febe54d36a5b29f4e4e5db555c23c1c18,38584cc381840504,e733b1d8c8ccc6c2
v4_train_new_0122,train,train_new,images\train\v4_train_new_0122.png,5b688bc60801563311064aaa7bb65bddf7750b2095aabfa2864e717a7b524922,01030c18306060c0,b860c71ef893b6a4
