dataset_id,stage_label,split,identity_candidate_count,accepted_count,rejected_count,training_usable,median_confidence,median_presence,median_localization_error,safety_cap_hit,input_domain,shoot_retention_ratio,root_base_overlap_ratio,green_shoot_retention_ratio,seed_detected,roi_localization_source,retention_repair_used
v4_legacy_0001,gt2,train,19,7,12,1,0.8382110765220175,1.0,0.002843302235216111,0,phenotype_roi_v1,0.9604405655703342,0.0015128593040847202,0.9682228915662651,True,estimated_seed,False
v4_legacy_0002,gt2,train,18,7,11,1,0.7032041395508385,0.8888888888888888,0.0024439643986830127,0,phenotype_roi_v1,0.9253586392519215,0.0,0.9407915100596949,True,estimated_seed,False
v4_legacy_0003,gt2,train,21,9,12,1,0.7013364873837435,1.0,0.004670252247983188,0,phenotype_roi_v1,0.9957172256521497,0.0,0.9961215866809611,True,estimated_seed,False
v4_legacy_0004,gt2,train,17,10,7,1,0.602811351908271,0.8888888888888888,0.001990630226148174,0,phenotype_roi_v1,0.8815470044925635,0.00035124692658939234,0.9155412353465414,True,estimated_seed,False
v4_legacy_0005,gt2,train,16,9,7,1,0.7351506743906377,1.0,0.005724565614081356,0,phenotype_roi_v1,0.8912141605974002,0.1282051282051282,0.90373622732168,True,estimated_seed,False
v4_legacy_0006,gt2,train,18,6,12,1,0.8248407393748551,1.0,0.004076768293414258,0,phenotype_roi_v1,0.9490283039206628,0.0,0.9934564856294358,True,estimated_seed,True
v4_legacy_0007,gt2,train,20,15,5,1,0.5602287835402755,0.8888888888888888,0.0034352872476911883,0,phenotype_roi_v1,0.9911040297417513,0.0,0.9931253885252496,True,estimated_seed,False
v4_legacy_0008,gt2,train,17,9,8,1,0.683572545433197,1.0,0.003568848570882588,0,phenotype_roi_v1,0.8892169049098819,0.0012494793835901709,0.9141030344321577,True,estimated_seed,False
v4_legacy_0009,gt2,train,20,9,11,1,0.7419035411237973,0.8888888888888888,0.0021086107969795547,0,phenotype_roi_v1,0.9199876309381161,0.00375,0.9589750398300584,True,estimated_seed,False
v4_legacy_0010,gt2,train,17,12,5,1,0.758714395248312,1.0,0.003166921552366384,0,phenotype_roi_v1,0.9802506433926373,0.0,1.0,True,estimated_seed,True
v4_legacy_0011,leaf1_to_2,train,22,15,7,1,0.5306545837973397,1.0,0.0033516063934793737,0,phenotype_roi_v1,0.9974345612698922,0.00030950170225936243,1.0,True,estimated_seed,False
v4_legacy_0012,leaf1_to_2,train,21,12,9,1,0.5599006774627138,0.8888888888888888,0.003644701618086066,0,phenotype_roi_v1,0.9362371930627897,0.0,0.9668274804592543,True,estimated_seed,True
v4_legacy_0013,leaf1_to_2,train,13,9,4,1,0.8043043054571589,1.0,0.0025417030889797543,0,phenotype_roi_v1,0.9875457875457876,0.0,0.9898573263912367,True,estimated_seed,False
v4_legacy_0014,leaf1_to_2,train,19,12,7,1,0.5147982807685694,0.8888888888888888,0.0030245622165170887,0,phenotype_roi_v1,0.9326611169734631,0.00029211295034079843,0.9746279092997703,True,estimated_seed,False
v4_legacy_0015,leaf1_to_2,train,18,8,10,1,0.6974422575559731,1.0,0.003919427960961091,0,phenotype_roi_v1,0.9384260593831075,0.004601226993865031,0.9566815437122604,True,estimated_seed,False
v4_legacy_0016,leaf1_to_2,train,14,7,7,1,0.8804861948996994,1.0,0.0023808009893917376,0,phenotype_roi_v1,0.9049426485922837,0.0003835826620636747,0.9256526409190678,True,estimated_seed,False
v4_legacy_0017,leaf1_to_2,train,14,9,5,1,0.615614052613526,1.0,0.0037428485064727357,0,phenotype_roi_v1,0.9160039761431411,0.0,0.9333661175313499,True,estimated_seed,False
v4_legacy_0018,leaf1_to_2,train,21,11,10,1,0.7122815925915631,0.8888888888888888,0.0030075399085237233,0,phenotype_roi_v1,0.9667843335014288,0.0,0.9789077508135022,False,seed_base_root_mask,False
v4_legacy_0019,leaf1_to_2,train,11,6,5,1,0.798529837765359,1.0,0.005301505285071583,0,phenotype_roi_v1,0.9797820893783138,0.011273128293101335,0.9906139575971732,True,estimated_seed,False
v4_legacy_0020,leaf1_to_2,train,14,10,4,1,0.7301502429487882,1.0,0.00441586872410772,0,phenotype_roi_v1,0.9872189121660581,0.0112876254180602,0.9894981020666386,True,estimated_seed,False
v4_legacy_0021,lt1_needle,train,15,10,5,1,0.6729249242682815,0.9444444444444444,0.003642209987878691,0,phenotype_roi_v1,0.8785020521579524,0.004236597686165879,0.9103621079857743,True,estimated_seed,False
v4_legacy_0022,lt1_needle,train,17,7,10,1,0.5501531955689343,1.0,0.004568106092159504,0,phenotype_roi_v1,0.9939051918735892,0.0029354207436399216,1.0,True,estimated_seed,False
v4_legacy_0023,lt1_needle,train,18,10,8,1,0.6254971345822758,0.8333333333333333,0.003102240966018443,0,phenotype_roi_v1,0.9718090733710872,8.268904783561417e-05,0.986146554866934,True,estimated_seed,False
v4_legacy_0024,lt1_needle,train,18,13,5,1,0.5064341058844881,0.7777777777777778,0.004654730812652168,0,phenotype_roi_v1,0.9936448802936504,0.0010296452014243425,0.9954633830200907,True,estimated_seed,False
v4_legacy_0025,lt1_needle,train,20,14,6,1,0.633053656945112,0.8888888888888888,0.0045465185617590154,0,phenotype_roi_v1,0.993054801953337,0.0017635440180586907,0.9987153034608947,True,estimated_seed,False
v4_legacy_0026,lt1_needle,train,16,10,6,1,0.5202774514638575,0.7777777777777778,0.0027899465903431994,0,phenotype_roi_v1,0.9322468882330296,0.0015175751609860138,0.9652857820869212,True,estimated_seed,False
v4_legacy_0027,lt1_needle,train,12,10,2,1,0.6648431099535412,0.8888888888888888,0.0040027304594242195,0,phenotype_roi_v1,0.9984751871361242,0.0037066077411077054,1.0,True,estimated_seed,False
v4_legacy_0028,lt1_needle,train,16,11,5,1,0.6573953818788651,0.8888888888888888,0.0035223900666025605,0,phenotype_roi_v1,0.9991736460078169,0.0011527727217570682,1.0,True,estimated_seed,False
v4_legacy_0029,lt1_needle,train,14,9,5,1,0.5315006616096292,0.8888888888888888,0.004306025970204996,0,phenotype_roi_v1,0.9818145878632141,0.0,0.982064128256513,True,estimated_seed,False
v4_legacy_0030,lt1_needle,train,16,12,4,1,0.5688168627377108,0.8888888888888888,0.0036933129984819835,0,phenotype_roi_v1,0.9608576414859137,0.0,1.0,True,estimated_seed,True
v4_legacy_0031,gt2,train,14,9,5,1,0.5487403455516823,1.0,0.008262466615953302,0,phenotype_roi_v1,1.0,0.009068923821039904,1.0,True,estimated_seed,False
v4_legacy_0032,gt2,train,14,9,5,1,0.5457934002755095,1.0,0.0037097605703045457,0,phenotype_roi_v1,0.9952984464431726,0.0,0.9978512594007402,True,estimated_seed,False
v4_legacy_0033,gt2,train,15,9,6,1,0.5460916775621502,1.0,0.004347316520205919,0,phenotype_roi_v1,0.9938697318007663,0.0,0.9940707201379905,True,estimated_seed,False
v4_legacy_0034,gt2,train,13,12,1,1,0.4736874675298768,1.0,0.006330669497440213,0,phenotype_roi_v1,0.9624114111420113,0.0,0.971112660623568,True,estimated_seed,False
v4_legacy_0035,gt2,train,15,8,7,1,0.5973290798796522,1.0,0.004329347202497431,0,phenotype_roi_v1,0.9268713774818104,0.0,0.9548387096774194,True,estimated_seed,False
v4_legacy_0036,gt2,train,18,7,11,1,0.6845638503888685,1.0,0.007004363765787377,0,phenotype_roi_v1,0.9641739743533249,0.002849002849002849,0.9554116896142975,True,estimated_seed,False
v4_legacy_0037,gt2,train,18,10,8,1,0.5908111115244676,1.0,0.003255669700626739,0,phenotype_roi_v1,0.9984606174634396,0.008256880733944955,1.0,True,estimated_seed,False
v4_legacy_0038,gt2,train,14,8,6,1,0.8218663914817038,1.0,0.003933943843844482,0,phenotype_roi_v1,0.9744588248768755,0.0,0.967158331412768,True,estimated_seed,False
v4_legacy_0039,gt2,train,20,11,9,1,0.48615590847983936,1.0,0.004009894389251839,0,phenotype_roi_v1,0.9766313140391875,0.01091901728844404,0.9845788043478261,True,estimated_seed,False
v4_legacy_0040,unknown,train,21,12,9,1,0.5933751393626433,1.0,0.005335582544437638,0,phenotype_roi_v1,0.9331089802692237,0.014326647564469915,0.9592977985417994,True,estimated_seed,True
v4_legacy_0041,gt2,train,15,6,9,1,0.7292644615361177,0.8888888888888888,0.002180180197592318,0,phenotype_roi_v1,0.9741283725514353,0.0043859649122807015,0.9751959114139693,True,estimated_seed,False
v4_legacy_0042,gt2,train,16,10,6,1,0.4753096487649221,1.0,0.004640736814063249,0,phenotype_roi_v1,1.0,0.0016051364365971107,1.0,False,seed_base_root_mask,False
v4_legacy_0043,gt2,train,14,8,6,1,0.6939805890714031,1.0,0.0038383294967412615,0,phenotype_roi_v1,0.9858324832823303,0.02043132803632236,0.9943104849634246,True,estimated_seed,False
v4_legacy_0044,gt2,train,17,11,6,1,0.484557745780795,1.0,0.00635584976280727,0,phenotype_roi_v1,0.8986868168146137,0.01287128712871287,0.9639859457349209,True,estimated_seed,True
v4_legacy_0045,gt2,train,19,11,8,1,0.5105099896913734,1.0,0.003891551657718975,0,phenotype_roi_v1,0.982080637132902,0.0051635111876075735,0.9915691672401927,True,estimated_seed,False
v4_legacy_0046,gt2,train,18,9,9,1,0.41302884757271935,0.8888888888888888,0.0055682178813755,0,phenotype_roi_v1,0.9637149179809618,0.022803114571746386,0.9688939323142647,True,estimated_seed,False
v4_legacy_0047,gt2,train,15,4,11,1,0.8551143823545009,1.0,0.003286758001001303,0,phenotype_roi_v1,0.9437527649623965,0.020076481835564052,0.9665243765445968,True,estimated_seed,False
v4_legacy_0048,unknown,train,15,7,8,1,0.47588011437030964,0.8888888888888888,0.001902669464872161,0,phenotype_roi_v1,0.9890422831672135,0.059602649006622516,0.9904184751453607,True,estimated_seed,False
v4_legacy_0049,gt2,train,15,7,8,1,0.7034959848761968,1.0,0.002856641514040064,0,phenotype_roi_v1,0.9732322747769356,0.002793296089385475,0.9779464931308749,True,estimated_seed,False
v4_legacy_0050,unknown,train,17,11,6,1,0.5462545492806031,1.0,0.0037781386753271704,0,phenotype_roi_v1,0.8713878713878714,0.0,0.9078153042910753,True,estimated_seed,False
v4_legacy_0051,gt2,train,17,11,6,1,0.6864897699626866,0.8888888888888888,0.002567159320435521,0,phenotype_roi_v1,0.9754704687440113,0.0,0.9772106350369827,True,estimated_seed,False
v4_legacy_0052,gt2,train,14,8,6,1,0.5228114185502428,0.8888888888888888,0.0038816526642150113,0,phenotype_roi_v1,0.9727002199508346,0.0061000406669377795,0.9775897553167162,True,estimated_seed,False
v4_legacy_0053,unknown,train,17,7,10,1,0.8341600352184463,1.0,0.0035352834685455047,0,phenotype_roi_v1,0.9461328620278942,0.0,0.9648981665749249,False,manifest_automatic_base_hint_fallback,False
v4_legacy_0054,gt2,train,17,7,10,1,0.6178568444349001,1.0,0.0028841182239169767,0,phenotype_roi_v1,0.9931082492168465,0.0018726591760299626,0.9933608058608059,True,estimated_seed,False
v4_legacy_0055,gt2,train,17,12,5,1,0.4556207615843183,0.9444444444444444,0.006093588562463741,0,phenotype_roi_v1,0.9943928105077194,0.0,0.9953188482600247,True,estimated_seed,False
v4_legacy_0056,gt2,train,19,9,10,1,0.576383731908084,1.0,0.003233805202837191,0,phenotype_roi_v1,0.9959207723337715,0.049635036496350364,0.9950035131548131,True,estimated_seed,False
v4_legacy_0057,gt2,train,13,8,5,1,0.546254110478445,1.0,0.0037745905353382264,0,phenotype_roi_v1,0.9429029559397658,0.0018570102135561746,0.9587931167528359,True,estimated_seed,False
v4_legacy_0058,gt2,train,15,8,7,1,0.6473860129454012,1.0,0.0016312104578270095,0,phenotype_roi_v1,0.968157632191553,0.025267249757045675,0.9684251814081193,True,estimated_seed,False
v4_legacy_0059,gt2,train,14,7,7,1,0.8207825460750655,1.0,0.0038464772166539843,0,phenotype_roi_v1,0.9991241340871089,0.0074005550416281225,1.0,True,estimated_seed,False
v4_legacy_0060,gt2,train,15,10,5,1,0.5654010369031672,1.0,0.005838484374237998,0,phenotype_roi_v1,0.959799909049568,0.0016429353778751369,0.9684301260640017,True,estimated_seed,False
v4_legacy_0061,gt2,train,17,9,8,1,0.6376854757805119,1.0,0.004744809713933737,0,phenotype_roi_v1,0.9952097028996586,0.0,0.9949831063786219,True,estimated_seed,False
v4_legacy_0062,gt2,train,12,7,5,1,0.6373137484623274,1.0,0.007991962219539699,0,phenotype_roi_v1,0.9664992614475628,0.0440251572327044,0.9731340163077566,True,estimated_seed,False
v4_legacy_0063,gt2,train,21,15,6,1,0.5915684005554497,1.0,0.003319697892748507,0,phenotype_roi_v1,0.9690084406172734,0.0003671071953010279,0.9713249145328962,True,estimated_seed,False
v4_legacy_0064,gt2,train,14,6,8,1,0.7107687160452623,1.0,0.0030349135259085994,0,phenotype_roi_v1,0.977333438089252,0.0,0.974016576766215,True,estimated_seed,False
v4_legacy_0065,gt2,train,13,8,5,1,0.6795593985301713,0.9444444444444444,0.0036157626671540492,0,phenotype_roi_v1,0.9615649117444792,0.01312910284463895,0.9790142807384187,True,estimated_seed,False
v4_legacy_0066,gt2,train,15,7,8,1,0.7253578108999877,1.0,0.003888556841693549,0,phenotype_roi_v1,0.9894621595730122,0.4385026737967914,0.9898302604623939,True,estimated_seed,False
v4_legacy_0067,unknown,train,14,10,4,1,0.5479937447780246,1.0,0.0038085153839927987,0,phenotype_roi_v1,0.8872370884263847,0.004784688995215311,0.9096815084772619,True,estimated_seed,False
v4_legacy_0068,gt2,train,13,10,3,1,0.49496034190077387,0.9444444444444444,0.0037125405682849385,0,phenotype_roi_v1,0.9129441856216315,0.03959131545338442,0.9571358986848514,True,estimated_seed,False
v4_legacy_0069,gt2,train,12,6,6,1,0.6646565930279407,1.0,0.010042910996483894,0,phenotype_roi_v1,0.9344301156836715,0.057540223616034905,0.9752650176678446,True,estimated_seed,True
v4_legacy_0070,gt2,train,11,8,3,1,0.6219142142442222,1.0,0.006244295713144381,0,phenotype_roi_v1,0.9580064917500676,0.0,0.9644704295030357,True,estimated_seed,False
v4_legacy_0071,gt2,train,17,8,9,1,0.6213444632660967,0.8888888888888888,0.0046183985099774475,0,phenotype_roi_v1,0.9494602214123633,0.02118491921005386,0.9673446948873007,True,estimated_seed,False
v4_legacy_0072,gt2,train,18,10,8,1,0.5960187071583369,0.9444444444444444,0.004935018833253358,0,phenotype_roi_v1,0.9883019886619274,0.0011467889908256881,0.9914480717046296,True,estimated_seed,False
v4_legacy_0073,unknown,train,17,13,4,1,0.7737582713371806,1.0,0.003267364889345669,0,phenotype_roi_v1,0.9227051036404808,0.031395348837209305,0.9640643498850895,True,estimated_seed,True
v4_legacy_0074,gt2,train,13,5,8,1,0.8596272524068774,1.0,0.0036536469350146083,0,phenotype_roi_v1,0.9851727178007534,0.011650485436893204,0.9858331745124198,True,estimated_seed,False
v4_legacy_0075,gt2,train,13,8,5,1,0.6185784711810752,0.9444444444444444,0.0034883390464795555,0,phenotype_roi_v1,0.9642953164488897,0.00039936102236421724,0.9828027433718907,True,estimated_seed,False
v4_legacy_0076,gt2,train,12,9,3,1,0.48288560660913327,1.0,0.007053762928181867,0,phenotype_roi_v1,0.9753144469260608,0.02459016393442623,0.9816463498150938,True,estimated_seed,False
v4_legacy_0077,gt2,train,16,12,4,1,0.5869439806558555,1.0,0.005102698781441385,0,phenotype_roi_v1,0.9252855578156783,0.026876737720111215,0.9679337231968811,True,estimated_seed,False
v4_legacy_0078,gt2,train,17,9,8,1,0.5813263213013218,0.8888888888888888,0.0063325628149506555,0,phenotype_roi_v1,0.9932837028645412,0.00434610825760569,0.9927701164814566,True,estimated_seed,False
v4_legacy_0079,gt2,train,15,6,9,1,0.7100738406901663,0.9444444444444444,0.003946266226458656,0,phenotype_roi_v1,0.966542750929368,0.006362058993637941,0.9818194245096029,True,estimated_seed,False
v4_legacy_0080,gt2,train,17,7,10,1,0.8874154655478855,1.0,0.001968214206565542,0,phenotype_roi_v1,0.9367061923583663,0.012462397937258273,0.9317472279039725,True,estimated_seed,False
v4_legacy_0081,unknown,train,18,13,5,1,0.7729144096185784,1.0,0.0035901670313954253,0,phenotype_roi_v1,0.9683623258715087,0.03612334801762115,0.9927413372893928,True,estimated_seed,True
v4_legacy_0082,unknown,train,22,12,10,1,0.5925858363272626,0.8888888888888888,0.0036603516019983262,0,phenotype_roi_v1,0.8875203583061889,0.0,0.9427984036763817,True,estimated_seed,False
v4_legacy_0083,gt2,train,17,10,7,1,0.4626941590925398,0.8888888888888888,0.005664484187002959,0,phenotype_roi_v1,0.9633313240908178,0.004478029666946544,0.9598889231718606,True,estimated_seed,False
v4_legacy_0084,gt2,train,14,9,5,1,0.61006436625008,0.8888888888888888,0.005586505002006586,0,phenotype_roi_v1,0.8922325639634375,0.006152125279642058,0.9043391092653588,True,estimated_seed,False
v4_legacy_0085,unknown,train,19,11,8,1,0.8034920856618928,1.0,0.003013734581264119,0,phenotype_roi_v1,0.9602959142120266,0.019075568598679385,0.983012987012987,True,estimated_seed,True
v4_legacy_0086,unknown,train,22,16,6,1,0.5732412401312217,0.9444444444444444,0.002993802696887645,0,phenotype_roi_v1,0.9082110439718538,0.0053475935828877,0.9333611627642214,True,estimated_seed,False
v4_legacy_0087,gt2,train,14,7,7,1,0.7938251665470749,1.0,0.003341415263432586,0,phenotype_roi_v1,0.9586562108486845,0.0,0.9690450394675747,True,estimated_seed,False
v4_legacy_0088,unknown,train,21,9,12,1,0.5542655452210337,1.0,0.0033511283872863064,0,phenotype_roi_v1,0.8515243790585905,0.002770083102493075,0.9008906965968182,True,estimated_seed,False
v4_legacy_0089,gt2,train,19,12,7,1,0.5422875587965408,1.0,0.0042054984046344486,0,phenotype_roi_v1,0.9443429779871191,0.013285358427899253,0.9679481786825944,True,estimated_seed,False
v4_legacy_0090,unknown,train,14,6,8,1,0.8616468201256883,1.0,0.0030527707066938187,0,phenotype_roi_v1,0.9738471169228629,0.016790123456790124,0.9733296923357,True,estimated_seed,False
v4_legacy_0091,gt2,train,12,6,6,1,0.6626733861109674,0.8888888888888888,0.004126509248082038,0,phenotype_roi_v1,0.9139267990074442,0.013665594855305467,0.9273574973680253,True,estimated_seed,False
v4_legacy_0092,gt2,train,14,4,10,1,0.6337006614647663,0.9444444444444444,0.004958525086580847,0,phenotype_roi_v1,0.9743264659270998,0.04070265638389032,0.9646424290850979,True,estimated_seed,False
v4_legacy_0093,gt2,train,16,12,4,1,0.5578253503925461,1.0,0.003411366755951706,0,phenotype_roi_v1,0.9514012559752554,0.020393811533052038,0.9488593866866118,True,estimated_seed,False
v4_legacy_0094,gt2,train,12,6,6,1,0.7549550821438367,1.0,0.0041634173062486506,0,phenotype_roi_v1,0.967425256581883,0.0,0.9720790378006873,False,manifest_automatic_base_hint_fallback,False
v4_legacy_0095,unknown,train,19,15,4,1,0.6828316029070554,1.0,0.003304634018134138,0,phenotype_roi_v1,0.9654928276796159,0.0071090047393364926,0.9855092853123242,False,seed_base_root_mask,False
v4_legacy_0096,gt2,train,18,13,5,1,0.5799442325309525,0.8888888888888888,0.0022961280205312387,0,phenotype_roi_v1,0.956999505335312,0.012922465208747515,0.9729793233082706,True,estimated_seed,False
v4_legacy_0097,gt2,train,14,7,7,1,0.715834079731425,1.0,0.006216115156301211,0,phenotype_roi_v1,0.8730121240749489,0.0,0.912739513205593,True,estimated_seed,True
v4_legacy_0098,gt2,train,15,12,3,1,0.4755666389057297,0.8888888888888888,0.0031210940718054687,0,phenotype_roi_v1,0.9641310487667106,0.0,1.0,True,estimated_seed,True
v4_train_new_0001,unassigned,train,15,4,11,1,0.5828031009405253,1.0,0.00793006360328972,0,phenotype_roi_v1,0.9758346301788179,0.00392156862745098,0.9746919238211631,True,estimated_seed,False
v4_train_new_0002,unassigned,train,15,5,10,1,0.721951101174683,0.8888888888888888,0.002767525320049306,0,phenotype_roi_v1,0.9976557403783431,0.03928905519176801,0.9985274305229188,True,estimated_seed,False
v4_train_new_0003,unassigned,train,16,6,10,1,0.6464491632326207,0.8333333333333333,0.005058398064237166,0,phenotype_roi_v1,0.9781175444447295,0.013379369874838154,0.9742117602028612,True,estimated_seed,False
v4_train_new_0004,unassigned,train,12,8,4,1,0.4929628463093634,0.8333333333333333,0.004375712175424201,0,phenotype_roi_v1,0.9949652531555808,0.020018198362147407,0.9968919278927271,True,estimated_seed,False
v4_train_new_0005,unassigned,train,14,7,7,1,0.5166158914608969,1.0,0.009832069208885626,0,phenotype_roi_v1,0.9919283683539754,0.0020107238605898124,0.9949599762822413,True,estimated_seed,False
v4_train_new_0006,unassigned,train,13,11,2,1,0.5864788786822167,0.7777777777777778,0.0038273354386709948,0,phenotype_roi_v1,0.9909331091629638,0.0,0.9900009851246183,True,estimated_seed,False
v4_train_new_0007,unassigned,train,13,5,8,1,0.7223314180245901,0.8888888888888888,0.005827116001510628,0,phenotype_roi_v1,0.9692976804123712,0.009096077316657191,0.9607453893442623,True,estimated_seed,False
v4_train_new_0008,unassigned,train,12,7,5,1,0.44561326119074524,1.0,0.006505450598270553,0,phenotype_roi_v1,0.9979919161753726,0.0038461538461538464,0.9981903900185723,True,estimated_seed,False
v4_train_new_0009,unassigned,train,15,7,8,1,0.5209407180630817,0.8888888888888888,0.005368802727643508,0,phenotype_roi_v1,0.9939493852926218,0.0329512893982808,0.9981974486966168,True,estimated_seed,False
v4_train_new_0010,unassigned,train,16,5,11,1,0.7426586967107317,1.0,0.0017724341733694586,0,phenotype_roi_v1,0.9115561118064247,0.0,1.0,True,estimated_seed,True
v4_train_new_0011,unassigned,train,9,5,4,1,0.6374029908281091,1.0,0.003573388419481124,0,phenotype_roi_v1,0.9985778245983671,0.009927200529450696,1.0,True,estimated_seed,False
v4_train_new_0012,unassigned,train,11,4,7,1,0.8495174665766281,1.0,0.003931719030208716,0,phenotype_roi_v1,0.9978854964277705,0.005474452554744526,0.9969337863594928,True,estimated_seed,False
v4_train_new_0013,unassigned,train,13,4,9,1,0.8501180644609048,1.0,0.002948181877736331,0,phenotype_roi_v1,0.9981622388444674,0.0,0.998450184501845,True,estimated_seed,False
v4_train_new_0014,unassigned,train,17,7,10,1,0.7115858528336314,1.0,0.006363796949334415,0,phenotype_roi_v1,0.9976864913666629,0.0,0.9998043308113749,True,estimated_seed,False
v4_train_new_0015,unassigned,train,10,5,5,1,0.7895830276691437,1.0,0.003073824152788796,0,phenotype_roi_v1,0.911693725318122,0.016812865497076022,0.903288537000382,True,estimated_seed,False
v4_train_new_0016,unassigned,train,12,5,7,1,0.673223242331635,1.0,0.003248570161814805,0,phenotype_roi_v1,0.8986845186977906,0.009415262636273538,0.9507944285014349,True,estimated_seed,False
v4_train_new_0017,unassigned,train,12,7,5,1,0.7931137853974054,1.0,0.001596961783284048,0,phenotype_roi_v1,0.997715943382071,0.0,0.9997145168197173,True,estimated_seed,False
v4_train_new_0018,unassigned,train,12,7,5,1,0.7573862360327788,1.0,0.0029094126148160085,0,phenotype_roi_v1,0.9641816964851029,0.05329593267882188,0.9950381060483217,True,estimated_seed,True
v4_train_new_0020,unassigned,train,17,9,8,1,0.6465329469626009,0.8888888888888888,0.00594284867331892,0,phenotype_roi_v1,0.886942093910735,0.0,0.9171551589977693,True,estimated_seed,True
v4_train_new_0021,unassigned,train,17,9,8,1,0.5145810541226026,0.8888888888888888,0.0084748837932631,0,phenotype_roi_v1,0.9974014373299769,5.7267208796243274e-05,1.0,True,estimated_seed,False
v4_train_new_0022,unassigned,train,18,13,5,1,0.7511923994593934,1.0,0.00288068429218999,0,phenotype_roi_v1,0.9787340819271062,0.01715102429728442,0.9899305681776873,True,estimated_seed,False
v4_train_new_0023,unassigned,train,19,8,11,1,0.6475476574453607,0.8888888888888888,0.00198910918134422,0,phenotype_roi_v1,0.9693335479716677,0.0014695712309820193,0.9879903923138511,True,estimated_seed,False
v4_train_new_0024,unassigned,train,13,8,5,1,0.5449237407278624,0.8888888888888888,0.00314794258918141,0,phenotype_roi_v1,0.9761220647973843,0.03787480273540242,0.9832362802188107,True,estimated_seed,False
v4_train_new_0025,unassigned,train,12,5,7,1,0.454649093548684,0.8888888888888888,0.003765459047921139,0,phenotype_roi_v1,0.9895559502664298,0.03227016885553471,0.9928818682658086,True,estimated_seed,False
v4_train_new_0026,unassigned,train,16,6,10,1,0.5955710804956447,1.0,0.004409008575234079,0,phenotype_roi_v1,0.9839826975519543,0.0,0.9793187347931873,True,estimated_seed,False
v4_train_new_0027,unassigned,train,16,5,11,1,0.7870167387495735,1.0,0.004230809166189299,0,phenotype_roi_v1,0.9698699651125912,0.00972972972972973,0.9714425701686848,True,estimated_seed,False
v4_train_new_0029,unassigned,train,13,6,7,1,0.7398099718183592,1.0,0.0032295312222545792,0,phenotype_roi_v1,0.9287128712871288,0.0,1.0,True,estimated_seed,True
v4_train_new_0030,unassigned,train,10,6,4,1,0.6439614749883188,0.9444444444444444,0.0045896436355703915,0,phenotype_roi_v1,0.9986209680131849,0.0,0.9996122903944945,False,manifest_automatic_base_hint_fallback,False
v4_train_new_0031,unassigned,train,11,6,5,1,0.6802977171846617,1.0,0.005546807327974037,0,phenotype_roi_v1,0.9977363552524942,0.0,0.9975649780318671,True,estimated_seed,False
v4_train_new_0032,unassigned,train,10,4,6,1,0.6111438613503577,0.8333333333333333,0.006412473241774979,0,phenotype_roi_v1,0.9081609391918847,0.007825874296894107,0.916394810712389,True,estimated_seed,False
v4_train_new_0033,unassigned,train,11,6,5,1,0.5742326516021878,0.8888888888888888,0.0038485642914478178,0,phenotype_roi_v1,0.9992343032159265,0.03381066030230708,1.0,True,estimated_seed,False
v4_train_new_0034,unassigned,train,14,8,6,1,0.7390949360128303,1.0,0.0032660865071684735,0,phenotype_roi_v1,0.987079247283329,0.00046511627906976747,0.9805971271715425,True,estimated_seed,False
v4_train_new_0035,unassigned,train,13,4,9,1,0.68706885994738,1.0,0.0027328707127326477,0,phenotype_roi_v1,0.991284708383154,0.004209640075773522,0.989680665366054,True,estimated_seed,False
v4_train_new_0036,unassigned,train,12,7,5,1,0.5458521933632461,0.8888888888888888,0.00223841590945692,0,phenotype_roi_v1,0.9721922495915158,0.006831767719897523,0.9780033840947546,True,estimated_seed,False
v4_train_new_0037,unassigned,train,15,5,10,1,0.4734594542212797,1.0,0.0069810849214643235,0,phenotype_roi_v1,0.9467008441242764,0.007290934645115953,0.9656352163004638,True,estimated_seed,False
v4_train_new_0038,unassigned,train,14,9,5,1,0.6225885729463887,0.8888888888888888,0.0023614135580175295,0,phenotype_roi_v1,0.9970701960583916,0.0,1.0,True,estimated_seed,False
v4_train_new_0039,unassigned,train,17,8,9,1,0.45025461732110045,0.8333333333333333,0.003840057199067252,0,phenotype_roi_v1,0.8953206449266577,0.0,0.9050293701496377,True,estimated_seed,False
v4_train_new_0040,unassigned,train,17,7,10,1,0.5309513411408125,0.8888888888888888,0.004778592318155737,0,phenotype_roi_v1,0.9978799739073712,0.0,1.0,True,estimated_seed,False
v4_train_new_0041,unassigned,train,13,10,3,1,0.7088697052865234,1.0,0.0031076477513038653,0,phenotype_roi_v1,0.9521033111697684,0.0,1.0,True,estimated_seed,True
v4_train_new_0042,unassigned,train,14,9,5,1,0.4915043325669295,0.8888888888888888,0.004667801041930225,0,phenotype_roi_v1,1.0,0.004830917874396135,1.0,True,estimated_seed,False
v4_train_new_0043,unassigned,train,14,10,4,1,0.777277948727269,1.0,0.003576999702857472,0,phenotype_roi_v1,0.9930325849813498,0.0,0.9957625693627039,True,estimated_seed,False
v4_train_new_0044,unassigned,train,12,6,6,1,0.5979808471074073,0.9444444444444444,0.0059463614044952765,0,phenotype_roi_v1,0.9981006647673314,0.0,1.0,True,estimated_seed,False
v4_train_new_0045,unassigned,train,19,8,11,1,0.5101020430132257,0.8888888888888888,0.004417301327521375,0,phenotype_roi_v1,0.9949564678369164,0.00016622340425531914,1.0,True,estimated_seed,False
v4_train_new_0046,unassigned,train,15,8,7,1,0.7464081592678817,1.0,0.0053949295491215465,0,phenotype_roi_v1,0.965982128860323,0.0,1.0,True,estimated_seed,True
v4_train_new_0047,unassigned,train,16,8,8,1,0.482495996528708,0.8888888888888888,0.005579295857299481,0,phenotype_roi_v1,0.9990358244772026,0.0,1.0,True,estimated_seed,False
v4_train_new_0048,unassigned,train,13,5,8,1,0.575848520432535,0.8888888888888888,0.007861247433783743,0,phenotype_roi_v1,0.9547502903600464,0.0,1.0,True,estimated_seed,True
v4_train_new_0049,unassigned,train,15,3,12,1,0.6052990785734701,1.0,0.005477143259139791,0,phenotype_roi_v1,1.0,0.0025053422739665463,1.0,True,estimated_seed,False
v4_train_new_0050,unassigned,train,11,6,5,1,0.6780446920765439,0.9444444444444444,0.00496846688355845,0,phenotype_roi_v1,0.9983113236187007,0.0005501760563380282,1.0,True,estimated_seed,False
v4_train_new_0051,unassigned,train,10,5,5,1,0.8605387545636146,1.0,0.0036310476526859523,0,phenotype_roi_v1,0.9914205378385523,0.0,0.9957375355205373,True,estimated_seed,False
v4_train_new_0052,unassigned,train,11,8,3,1,0.5867896839809101,0.8333333333333333,0.0034355686371381265,0,phenotype_roi_v1,0.9779000985869208,0.0,0.9913507788711884,True,estimated_seed,False
v4_train_new_0053,unassigned,train,12,8,4,1,0.6828078404663982,0.9444444444444444,0.00471373183664736,0,phenotype_roi_v1,0.9968065031209175,0.016372595771737403,0.9943552901660757,True,estimated_seed,False
v4_train_new_0054,unassigned,train,9,6,3,1,0.6202146827700028,1.0,0.007891533864364558,0,phenotype_roi_v1,0.9811427213874205,0.0,0.9842578710644677,True,estimated_seed,False
v4_train_new_0055,unassigned,train,11,6,5,1,0.7397379107724726,0.9444444444444444,0.004305131757476557,0,phenotype_roi_v1,0.9727503327724338,0.0,0.9875992506021947,True,estimated_seed,False
v4_train_new_0057,unassigned,train,12,7,5,1,0.815863925380591,1.0,0.002573049194922617,0,phenotype_roi_v1,0.9912019464720194,0.02090741004124591,0.9961127308066083,True,estimated_seed,False
v4_train_new_0058,unassigned,train,16,8,8,1,0.5198810999711252,0.8888888888888888,0.005649691642608376,0,phenotype_roi_v1,0.999030289201985,0.0,1.0,True,estimated_seed,False
v4_train_new_0059,unassigned,train,18,8,10,1,0.4939209248945444,0.8888888888888888,0.003032295151320063,0,phenotype_roi_v1,1.0,0.020627062706270627,1.0,True,estimated_seed,False
v4_train_new_0060,unassigned,train,12,4,8,1,0.7605818821241879,1.0,0.0026273423624011104,0,phenotype_roi_v1,0.9993784349646689,0.001443811662789765,1.0,True,estimated_seed,False
v4_train_new_0061,unassigned,train,13,9,4,1,0.7039026270474266,1.0,0.007513087797606932,0,phenotype_roi_v1,0.9991232197083102,0.0,1.0,True,estimated_seed,False
v4_train_new_0062,unassigned,train,11,8,3,1,0.8050074227816848,1.0,0.004356231190176911,0,phenotype_roi_v1,0.9979466592838686,0.0,1.0,True,estimated_seed,False
v4_train_new_0063,unassigned,train,16,9,7,1,0.4573673684764441,1.0,0.0046673107940808905,0,phenotype_roi_v1,0.9901134916980416,0.0009750812567713976,0.9982415798728527,True,estimated_seed,False
v4_train_new_0064,unassigned,train,12,8,4,1,0.5036717713826172,0.8888888888888888,0.004915221162712217,0,phenotype_roi_v1,0.9994937387394095,0.001159937541824671,1.0,True,estimated_seed,False
v4_train_new_0065,unassigned,train,14,6,8,1,0.5763675907422969,1.0,0.0032303059991950064,0,phenotype_roi_v1,0.9978396710724988,0.00031118717908822156,0.9995423340961098,True,estimated_seed,False
v4_train_new_0066,unassigned,train,15,7,8,1,0.6286321497007349,1.0,0.00376419938011008,0,phenotype_roi_v1,1.0,0.00442168955084943,1.0,True,estimated_seed,False
v4_train_new_0067,unassigned,train,10,5,5,1,0.8675601640241075,1.0,0.003347267197700136,0,phenotype_roi_v1,0.9978187060184747,0.0,1.0,True,estimated_seed,False
v4_train_new_0068,unassigned,train,19,9,10,1,0.5834570253761567,0.8888888888888888,0.004355637169828447,0,phenotype_roi_v1,1.0,0.0032036255664947646,1.0,True,estimated_seed,False
v4_train_new_0069,unassigned,train,12,10,2,1,0.648990994958128,1.0,0.003930204679029789,0,phenotype_roi_v1,0.9987764376857193,0.02553191489361702,1.0,True,estimated_seed,False
v4_train_new_0070,unassigned,train,15,8,7,1,0.5653728956822698,1.0,0.004079353243865111,0,phenotype_roi_v1,1.0,0.0014867337602927722,1.0,True,estimated_seed,False
v4_train_new_0071,unassigned,train,12,9,3,1,0.5775101187010908,1.0,0.005642471333566386,0,phenotype_roi_v1,0.9838606241983754,0.0012239902080783353,0.9935785172212492,True,estimated_seed,False
v4_train_new_0072,unassigned,train,18,8,10,1,0.8477469118380725,1.0,0.003070527513865765,0,phenotype_roi_v1,0.996701396787843,0.024986985944820406,0.9975556641927026,True,estimated_seed,False
v4_train_new_0073,unassigned,train,14,4,10,1,0.7698462301400825,1.0,0.0035897443260594413,0,phenotype_roi_v1,0.9994411469976104,0.02796420581655481,0.9996414871114616,True,estimated_seed,False
v4_train_new_0074,unassigned,train,15,9,6,1,0.681626605418623,1.0,0.0020512131423948326,0,phenotype_roi_v1,0.9975527732604954,0.007955449482895784,0.9982929900657619,True,estimated_seed,False
v4_train_new_0075,unassigned,train,15,11,4,1,0.5746226039774989,0.8888888888888888,0.003933179854308557,0,phenotype_roi_v1,0.9969769492379393,0.00410958904109589,0.9978705836339142,True,estimated_seed,False
v4_train_new_0076,unassigned,train,12,6,6,1,0.6411393948675921,0.9444444444444444,0.005227706179133609,0,phenotype_roi_v1,0.9975938560928178,0.0,0.9981438140585909,True,estimated_seed,False
v4_train_new_0077,unassigned,train,13,6,7,1,0.7881012082741193,1.0,0.002810091101379192,0,phenotype_roi_v1,0.9787285038049014,0.031073446327683617,0.9848020664383973,True,estimated_seed,False
v4_train_new_0078,unassigned,train,14,6,8,1,0.6099308143351112,1.0,0.006436308302119986,0,phenotype_roi_v1,0.9989838043823436,0.0,1.0,True,estimated_seed,False
v4_train_new_0079,unassigned,train,13,6,7,1,0.8028709655301889,1.0,0.003066430043411517,0,phenotype_roi_v1,0.995646168628393,0.04120879120879121,0.9950874151134229,True,estimated_seed,False
v4_train_new_0080,unassigned,train,9,6,3,1,0.5878793880115832,0.9444444444444444,0.006833593873114115,0,phenotype_roi_v1,0.997491974317817,0.00275178866263071,0.9989949117406872,True,estimated_seed,False
v4_train_new_0081,unassigned,train,13,6,7,1,0.7819308608453241,0.9444444444444444,0.002616959546973595,0,phenotype_roi_v1,0.9974228757674525,0.044589774078478,0.9990181410136525,True,estimated_seed,False
v4_train_new_0082,unassigned,train,14,6,8,1,0.6454600042757149,0.9444444444444444,0.005693284034434146,0,phenotype_roi_v1,0.9980939498278406,0.020093457943925235,0.9987288997356112,True,estimated_seed,False
v4_train_new_0083,unassigned,train,13,4,9,1,0.5891201372323965,1.0,0.009949069907596645,0,phenotype_roi_v1,0.9809321351499339,0.002890173410404624,0.9922762635025466,True,estimated_seed,False
v4_train_new_0084,unassigned,train,13,7,6,1,0.5383121880850438,1.0,0.004524052278297807,0,phenotype_roi_v1,0.9957468101075807,0.004201680672268907,0.9946469773880942,True,estimated_seed,False
v4_train_new_0085,unassigned,train,14,9,5,1,0.48291761860207166,1.0,0.003971952400423364,0,phenotype_roi_v1,0.9892223511855414,0.0,0.9926883270686371,True,estimated_seed,False
v4_train_new_0086,unassigned,train,17,8,9,1,0.4910408428020899,0.8333333333333333,0.0024579903688328264,0,phenotype_roi_v1,0.9798246046213727,0.005046480743691899,0.9877288663809894,True,estimated_seed,False
v4_train_new_0087,unassigned,train,15,6,9,1,0.568592470220237,0.8888888888888888,0.003026494252844775,0,phenotype_roi_v1,0.9985894153910454,0.009369318976366942,0.9998473049320507,True,estimated_seed,False
v4_train_new_0088,unassigned,train,8,2,6,1,0.8400747887711846,1.0,0.004265431887164554,0,phenotype_roi_v1,0.9947673171777826,0.00022487069934787497,0.999438083865983,True,estimated_seed,False
v4_train_new_0090,unassigned,train,15,7,8,1,0.5111654513019231,1.0,0.005892123245165188,0,phenotype_roi_v1,0.9979071592593669,0.003187420314492138,0.999211162056895,True,estimated_seed,False
v4_train_new_0091,unassigned,train,13,4,9,1,0.6830314377744358,0.9444444444444444,0.005771561801298872,0,phenotype_roi_v1,0.9977834072197593,0.02115019011406844,0.9994393190274734,True,estimated_seed,False
v4_train_new_0092,unassigned,train,13,6,7,1,0.6589672221755949,0.9444444444444444,0.006364472893155972,0,phenotype_roi_v1,0.9970704696906287,0.010852090032154342,0.9973749654600719,True,estimated_seed,False
v4_train_new_0093,unassigned,train,15,9,6,1,0.552101156368877,1.0,0.004860888571485635,0,phenotype_roi_v1,0.9959829602780165,0.0011609907120743034,0.9975058357049211,True,estimated_seed,False
v4_train_new_0094,unassigned,train,15,6,9,1,0.4414665430295726,0.9444444444444444,0.007244639990906675,0,phenotype_roi_v1,1.0,0.015018773466833541,1.0,True,estimated_seed,False
v4_train_new_0095,unassigned,train,15,9,6,1,0.5575604578138874,0.8888888888888888,0.004143980337231702,0,phenotype_roi_v1,1.0,0.005542986425339367,1.0,True,estimated_seed,False
v4_train_new_0096,unassigned,train,20,11,9,1,0.511092188877025,0.8888888888888888,0.002217845669823468,0,phenotype_roi_v1,0.9973156956643117,0.0,1.0,True,estimated_seed,False
v4_train_new_0097,unassigned,train,8,3,5,1,0.7845674140009222,1.0,0.003204319471488311,0,phenotype_roi_v1,0.925439257406347,0.003586654936725993,0.9389998273580019,True,estimated_seed,False
v4_train_new_0098,unassigned,train,16,7,9,1,0.5397866415432294,0.8888888888888888,0.002820126475529631,0,phenotype_roi_v1,0.9929030443343358,0.006394884092725819,0.9938511990161918,True,estimated_seed,False
v4_train_new_0099,unassigned,train,12,7,5,1,0.5303149552942297,1.0,0.0031485076178474156,0,phenotype_roi_v1,0.9942840674383976,0.01413284877851807,0.9972583961617546,True,estimated_seed,False
v4_train_new_0100,unassigned,train,13,7,6,1,0.6237409853502586,1.0,0.004000974064655823,0,phenotype_roi_v1,0.9889946390194365,0.0,0.9907462182033296,True,estimated_seed,False
v4_train_new_0101,unassigned,train,12,5,7,1,0.7155373788069641,0.8888888888888888,0.008029739191283976,0,phenotype_roi_v1,0.9589398940844001,0.01232741617357002,0.975697972121754,True,estimated_seed,True
v4_train_new_0102,unassigned,train,14,8,6,1,0.662709626784638,0.9444444444444444,0.005133316819023042,0,phenotype_roi_v1,0.9704053431598342,0.00012112403100775194,0.9734857357005668,True,estimated_seed,False
v4_train_new_0103,unassigned,train,15,5,10,1,0.8763563252933521,1.0,0.0032607739194084337,0,phenotype_roi_v1,0.9292194246349391,0.0,0.96135014063965,True,estimated_seed,False
v4_train_new_0104,unassigned,train,12,6,6,1,0.665339799787918,0.9444444444444444,0.0026390650388879713,0,phenotype_roi_v1,0.8876805543959255,0.04548038658328596,0.9155166465413145,True,estimated_seed,False
v4_train_new_0105,unassigned,train,15,7,8,1,0.6402745458341695,1.0,0.00478560248141479,0,phenotype_roi_v1,0.9927579614144184,0.006260794473229706,0.9914916623982699,True,estimated_seed,False
v4_train_new_0106,unassigned,train,16,7,9,1,0.5519576667607949,1.0,0.004126773358620369,0,phenotype_roi_v1,0.9746210621900393,0.0,0.9775787890447375,True,estimated_seed,False
v4_train_new_0107,unassigned,train,18,9,9,1,0.5264435780737412,1.0,0.005613836607503425,0,phenotype_roi_v1,1.0,0.0,1.0,True,estimated_seed,False
v4_train_new_0108,unassigned,train,7,4,3,1,0.8110508205548055,1.0,0.005245022796622499,0,phenotype_roi_v1,0.9853101017753039,0.003540305010893246,0.9895798875289448,True,estimated_seed,False
v4_train_new_0109,unassigned,train,15,4,11,1,0.732388788809248,1.0,0.007730829141465118,0,phenotype_roi_v1,0.997583796010693,0.006717627982395182,0.9986822401916742,True,estimated_seed,False
v4_train_new_0110,unassigned,train,15,5,10,1,0.8251132671439273,1.0,0.004334042645674168,0,phenotype_roi_v1,0.9493808978345061,0.0,0.9582021568758792,True,estimated_seed,False
v4_train_new_0111,unassigned,train,12,5,7,1,0.5440441479036673,1.0,0.0037897836442811576,0,phenotype_roi_v1,1.0,0.0,1.0,False,manifest_automatic_base_hint_fallback,False
v4_train_new_0112,unassigned,train,14,7,7,1,0.5178342785036633,1.0,0.007423105649060582,0,phenotype_roi_v1,0.9883331023971179,0.001330082021724673,0.9947903898014219,True,estimated_seed,False
v4_train_new_0113,unassigned,train,11,6,5,1,0.6991964897772648,1.0,0.004836647420593957,0,phenotype_roi_v1,1.0,0.0030585106382978724,1.0,True,estimated_seed,False
v4_train_new_0114,unassigned,train,13,6,7,1,0.5041731567501134,1.0,0.004479425194216546,0,phenotype_roi_v1,0.9697382769901853,0.011494252873563218,0.9820671180891435,True,estimated_seed,False
v4_train_new_0115,unassigned,train,11,4,7,1,0.636659985326153,0.9444444444444444,0.006626036861866435,0,phenotype_roi_v1,0.9842986349081513,0.001664816870144284,0.9857577293461733,True,estimated_seed,False
v4_train_new_0116,unassigned,train,10,4,6,1,0.8111513878232464,1.0,0.005131010901645619,0,phenotype_roi_v1,0.988525200555123,0.0,0.9928012736208209,True,estimated_seed,False
v4_train_new_0117,unassigned,train,12,8,4,1,0.6191774694823495,1.0,0.0037578682067199256,0,phenotype_roi_v1,0.9981415296640458,0.0,0.9988322304398599,True,estimated_seed,False
v4_train_new_0118,unassigned,train,11,5,6,1,0.7967816056981618,1.0,0.004823876837551617,0,phenotype_roi_v1,0.963522160950724,0.0,0.9645661987508503,True,estimated_seed,False
v4_train_new_0119,unassigned,train,10,4,6,1,0.5831849394069155,1.0,0.010072163103256633,0,phenotype_roi_v1,0.9375257222816693,0.013891009006258587,0.9416300799279522,True,estimated_seed,False
v4_train_new_0120,unassigned,train,16,3,13,1,0.7407320027552539,1.0,0.007231674592126098,0,phenotype_roi_v1,0.9952230306864916,0.004135079255685734,0.9982838931110566,True,estimated_seed,False
v4_train_new_0121,unassigned,train,15,6,9,1,0.5517018312260742,0.9444444444444444,0.007152766164338525,0,phenotype_roi_v1,0.9955715006446549,0.0,0.9972044728434505,True,estimated_seed,False
v4_train_new_0122,unassigned,train,17,9,8,1,0.5354781136933814,0.8888888888888888,0.0022510890754773257,0,phenotype_roi_v1,0.9852872687243321,0.013611069333734396,0.9874775098956459,True,estimated_seed,False
