dataset_id,pilot_group,selection_basis,selection_reason,source_frame_id,acquisition_period,candidate_orientation,visible_leaf_count_postlock,source_dpi,resize_scale,mm_per_output_px,physical_scale_status,shoot_area_px,shoot_bbox_width_px,shoot_bbox_height_px,shoot_fill_ratio,skeleton_pixels,endpoint_count,branchpoint_count,mean_thickness_px,image_path
v4_val_0004,core,acquisition+original_morphology_only,source-frame quota plus robust morphology medoid/farthest sampling,src_0347,0515,horizontal,2,600.0,0.40414246021722655,0.10474854166666667,verified_from_tiff_metadata,33588,1089,125,0.24674380165289256,1422,26,80,23.620253164556964,D:\kp\adaptive_keypoint_discovery_reboot\experiment\data_stage_clean_v4_fullplant_candidate\images\val\v4_val_0004.png
v4_val_0005,core,acquisition+original_morphology_only,source-frame quota plus robust morphology medoid/farthest sampling,src_0347,0515,horizontal,2,600.0,0.6324110671936759,0.06693958333333333,verified_from_tiff_metadata,46952,1138,147,0.2806690338701386,1691,42,107,27.76581904198699,D:\kp\adaptive_keypoint_discovery_reboot\experiment\data_stage_clean_v4_fullplant_candidate\images\val\v4_val_0005.png
v4_val_0006,core,acquisition+original_morphology_only,source-frame quota plus robust morphology medoid/farthest sampling,src_0347,0515,horizontal,2,600.0,0.362400906002265,0.11681354166666666,verified_from_tiff_metadata,26855,1037,72,0.35967802421515055,1398,37,109,19.209585121602288,D:\kp\adaptive_keypoint_discovery_reboot\experiment\data_stage_clean_v4_fullplant_candidate\images\val\v4_val_0006.png
v4_val_0009,core,acquisition+original_morphology_only,source-frame quota plus robust morphology medoid/farthest sampling,src_0546,0516,horizontal,1,600.0,0.9060022650056625,0.046725416666666665,verified_from_tiff_metadata,58637,1138,100,0.5152636203866432,1403,8,35,41.79401282965075,D:\kp\adaptive_keypoint_discovery_reboot\experiment\data_stage_clean_v4_fullplant_candidate\images\val\v4_val_0009.png
v4_val_0011,core,acquisition+original_morphology_only,source-frame quota plus robust morphology medoid/farthest sampling,src_0546,0516,horizontal,2,600.0,0.8154943934760448,0.051911250000000006,verified_from_tiff_metadata,42915,1120,139,0.2756616135662898,1523,23,68,28.177938279711096,D:\kp\adaptive_keypoint_discovery_reboot\experiment\data_stage_clean_v4_fullplant_candidate\images\val\v4_val_0011.png
v4_val_0016,core,acquisition+original_morphology_only,source-frame quota plus robust morphology medoid/farthest sampling,src_0615,9.14-5.12,vertical,2,600.0,0.4935225169648365,0.08577791666666666,verified_from_tiff_metadata,52653,365,1245,0.11586730483578148,2187,40,129,24.07544581618656,D:\kp\adaptive_keypoint_discovery_reboot\experiment\data_stage_clean_v4_fullplant_candidate\images\val\v4_val_0016.png
v4_val_0020,core,acquisition+original_morphology_only,source-frame quota plus robust morphology medoid/farthest sampling,src_0615,9.14-5.12,horizontal,3,600.0,0.4554511813265016,0.09294812499999999,verified_from_tiff_metadata,49312,1166,303,0.1395762217731207,2566,71,227,19.21745908028059,D:\kp\adaptive_keypoint_discovery_reboot\experiment\data_stage_clean_v4_fullplant_candidate\images\val\v4_val_0020.png
v4_val_0027,core,acquisition+original_morphology_only,source-frame quota plus robust morphology medoid/farthest sampling,src_0565,0510,horizontal,2,600.0,0.3902439024390244,0.10847916666666665,verified_from_tiff_metadata,33526,1148,161,0.1813902655441816,2208,81,206,15.183876811594203,D:\kp\adaptive_keypoint_discovery_reboot\experiment\data_stage_clean_v4_fullplant_candidate\images\val\v4_val_0027.png
v4_val_0028,core,acquisition+original_morphology_only,source-frame quota plus robust morphology medoid/farthest sampling,src_0565,0510,vertical,2,600.0,0.7831620166421929,0.054054374999999995,verified_from_tiff_metadata,47175,99,1291,0.36910546205666267,2841,94,349,16.60506863780359,D:\kp\adaptive_keypoint_discovery_reboot\experiment\data_stage_clean_v4_fullplant_candidate\images\val\v4_val_0028.png
v4_val_0030,core,acquisition+original_morphology_only,source-frame quota plus robust morphology medoid/farthest sampling,src_0349,0515,horizontal,2,600.0,0.40261701056869653,0.10514541666666666,verified_from_tiff_metadata,38469,1166,106,0.31124793682643453,1554,24,74,24.754826254826256,D:\kp\adaptive_keypoint_discovery_reboot\experiment\data_stage_clean_v4_fullplant_candidate\images\val\v4_val_0030.png
v4_val_0035,core,acquisition+original_morphology_only,source-frame quota plus robust morphology medoid/farthest sampling,src_0614,9.14-5.12,horizontal,3,600.0,0.608596424496006,0.06955895833333334,verified_from_tiff_metadata,54415,1395,278,0.1403135556071272,2859,94,265,19.032878628891222,D:\kp\adaptive_keypoint_discovery_reboot\experiment\data_stage_clean_v4_fullplant_candidate\images\val\v4_val_0035.png
v4_val_0037,core,acquisition+original_morphology_only,source-frame quota plus robust morphology medoid/farthest sampling,src_0560,0510,horizontal,2,600.0,0.3504161191414805,0.12080874999999998,verified_from_tiff_metadata,31110,1212,117,0.21938732334771938,1892,66,195,16.44291754756871,D:\kp\adaptive_keypoint_discovery_reboot\experiment\data_stage_clean_v4_fullplant_candidate\images\val\v4_val_0037.png
v4_val_0002,diagnostic,frozen_ABCD_disagreement_after_core_lock,D>B：增强Teacher恢复漏叶并改善基部的正向案例,src_0347,0515,horizontal,2,600.0,0.3969238402381543,0.10665354166666666,verified_from_tiff_metadata,30097,999,156,0.19312260978927645,1248,18,59,24.116185897435898,D:\kp\adaptive_keypoint_discovery_reboot\experiment\data_stage_clean_v4_fullplant_candidate\images\val\v4_val_0002.png
v4_val_0018,diagnostic,frozen_ABCD_disagreement_after_core_lock,B新增假枝和错连而D消除该错误，用于检查错连的表型代价,src_0615,9.14-5.12,horizontal,3,600.0,0.516295579219103,0.081994375,verified_from_tiff_metadata,59231,1325,313,0.14281994092470915,2825,68,241,20.966725663716815,D:\kp\adaptive_keypoint_discovery_reboot\experiment\data_stage_clean_v4_fullplant_candidate\images\val\v4_val_0018.png
v4_val_0023,diagnostic,frozen_ABCD_disagreement_after_core_lock,B>D：D丢失两片真叶且基部恶化的反向案例,src_0565,0510,horizontal,2,600.0,0.3442340791738382,0.12297833333333334,verified_from_tiff_metadata,38404,1197,62,0.5174764869162153,1935,56,178,19.84702842377261,D:\kp\adaptive_keypoint_discovery_reboot\experiment\data_stage_clean_v4_fullplant_candidate\images\val\v4_val_0023.png
v4_val_0034,diagnostic,frozen_ABCD_disagreement_after_core_lock,局部Decoder新增假枝和错连，且各方案均有基部争议,src_0614,9.14-5.12,horizontal,2,600.0,0.4698972099853157,0.09009062500000001,verified_from_tiff_metadata,42960,1218,263,0.1341100226638446,2230,67,215,19.26457399103139,D:\kp\adaptive_keypoint_discovery_reboot\experiment\data_stage_clean_v4_fullplant_candidate\images\val\v4_val_0034.png
